Date,Open,High,Low,Close,Adjusted Close,Volume,Dividend Amount,Split Coefficient
2015-07-06,71.0,74.29,71.0,72.96,57.7363336873,3809713.0,16.5,1.0
2015-07-07,73.73,74.71,72.96,74.63,59.0578753164,5794811.0,0.0,1.0
2015-07-08,74.3,75.5,74.04,75.4,59.667208881899995,4277461.0,0.0,1.0
2015-07-09,76.47,77.066,74.5,74.8,59.1924035062,4267057.0,0.0,1.0
2015-07-10,75.05,77.8,75.0,77.31,61.1786726613,4982979.0,0.0,1.0
2015-07-13,79.5,79.7,77.91,78.83,62.3815129464,9078901.0,0.0,1.0
2015-07-14,79.45,79.5,77.65,78.0,61.7246988434,18746119.0,0.0,1.0
2015-07-15,77.65,78.17,76.4,76.71,60.703867285600005,6330496.0,0.0,1.0
2015-07-16,76.97,78.84,76.9501,78.75,62.318205563,5634050.0,0.0,1.0
2015-07-17,79.43,79.69,77.26,79.63,63.0145867807,6100876.0,0.0,1.0
2015-07-20,79.95,81.2,79.13,80.11,63.3944310813,10284545.0,0.0,1.0
2015-07-21,79.97,80.68,79.4,80.22,63.481478733500005,6123210.0,0.0,1.0
2015-07-22,80.83,80.9,78.58,78.64,62.2311579108,5201248.0,0.0,1.0
2015-07-23,78.42,78.57,76.64,76.74,61.1628458154,2975649.0,0.55,1.0
2015-07-24,76.92,77.43,75.95,76.41,60.8998312322,3116008.0,0.0,1.0
2015-07-27,76.63,77.98,76.29,77.38,61.6729347042,5774342.0,0.0,1.0
2015-07-28,78.44,78.65,77.5,78.32,62.4221277595,1895916.0,0.0,1.0
2015-07-29,78.26,78.2999,77.0,77.91,62.095352065200004,2278559.0,0.0,1.0
2015-07-30,78.21,79.69,77.6,79.21,63.1314701204,3246987.0,0.0,1.0
2015-07-31,79.94,79.94,78.865,79.47,63.338693731499994,2685520.0,0.0,1.0
2015-08-03,80.0,81.03,79.91,80.37,64.0560062313,2681801.0,0.0,1.0
2015-08-04,80.57,81.0,79.67,79.81,63.6096784536,2429632.0,0.0,1.0
2015-08-05,80.01,81.0,79.85,80.48,64.143677759,2684886.0,0.0,1.0
2015-08-06,81.05,81.19,79.51,79.76,63.5698277592,3708640.0,0.0,1.0
2015-08-07,79.14,79.38,77.29,78.46,62.5337097039,3274134.0,0.0,1.0
2015-08-10,79.43,79.8,78.57,78.81,62.8126645649,3252284.0,0.0,1.0
2015-08-11,77.63,80.48,77.07,77.97,62.143172898500005,3889072.0,0.0,1.0
2015-08-12,77.83,78.31,76.09,76.69,61.122995121,3688888.0,0.0,1.0
2015-08-13,77.01,77.07,75.8,75.99,60.5650853989,2917485.0,0.0,1.0
2015-08-14,76.07,76.74,75.117,76.42,60.9078013711,2573375.0,0.0,1.0
2015-08-17,75.86,76.41,75.51,75.8,60.4136527601,2260346.0,0.0,1.0
2015-08-18,75.72,75.953,75.06,75.19,59.927474288,2009695.0,0.0,1.0
2015-08-19,75.0,75.29,73.92,74.78,59.600698593699995,3026467.0,0.0,1.0
2015-08-20,74.02,74.7644,73.78,74.25,59.1782812327,2206972.0,0.0,1.0
2015-08-21,73.31,74.25,72.26,72.27,57.60019373310001,5564549.0,0.0,1.0
2015-08-24,68.24,72.24,61.42,70.87,56.484374288999994,9844588.0,0.0,1.0
2015-08-25,71.54,72.4,70.0,70.21,55.9583451225,4423354.0,0.0,1.0
2015-08-26,71.72,74.11,69.53,73.91,58.907296510500004,5356315.0,0.0,1.0
2015-08-27,73.17,75.25,73.12,75.18,59.9195041491,5937763.0,0.0,1.0
2015-08-28,74.4,75.19,73.82,74.69,59.528967343699996,2150122.0,0.0,1.0
2015-08-31,74.21,74.43,72.57,72.66,57.9110291497,2688401.0,0.0,1.0
2015-09-01,71.23,72.54,69.64,70.12,55.8866138725,4671422.0,0.0,1.0
2015-09-02,70.84,72.07,70.31,72.07,57.4407909554,2986466.0,0.0,1.0
2015-09-03,72.56,73.89,71.79,72.16,57.512522205399996,2595274.0,0.0,1.0
2015-09-04,71.14,71.69,70.12899999999999,70.57,56.2452701224,2997042.0,0.0,1.0
2015-09-08,71.85,74.33,70.81,74.07,59.0348187327,4450669.0,0.0,1.0
2015-09-09,74.45,74.5,71.98,72.17,57.5204923443,2936421.0,0.0,1.0
2015-09-10,72.13,73.05,71.78,72.16,57.512522205399996,3619666.0,0.0,1.0
2015-09-11,72.25,73.93,71.6,73.76,58.7877444272,2146733.0,0.0,1.0
2015-09-14,73.5,74.71,72.555,74.55,59.4173853993,2927415.0,0.0,1.0
2015-09-15,74.94,75.52,73.755,75.39,60.086877065699994,3393323.0,0.0,1.0
2015-09-16,75.2,76.71,74.3,76.37,60.867950676599996,2302883.0,0.0,1.0
2015-09-17,76.58,77.7599,76.0,76.43,60.9157715099,3142630.0,0.0,1.0
2015-09-18,75.55,76.5,75.01,75.44,60.126727760200005,7231726.0,0.0,1.0
2015-09-21,75.69,76.19,74.96,75.2,59.9354444269,3256338.0,0.0,1.0
2015-09-22,74.15,74.87,73.66,74.31,59.226102066,2628741.0,0.0,1.0
2015-09-23,74.17,74.598,73.2551,73.31,58.429088177299995,3713174.0,0.0,1.0
2015-09-24,73.0,73.14,71.7,72.92,58.1182527608,4416111.0,0.0,1.0
2015-09-25,73.8,73.85,72.78,73.35,58.4609687329,3517027.0,0.0,1.0
2015-09-28,72.81,73.27,69.99,69.99,55.783002067,4974381.0,0.0,1.0
2015-09-29,70.16,70.98,68.65,69.2,55.153361095,3870926.0,0.0,1.0
2015-09-30,69.67,70.8,69.46,70.54,56.2213597058,3052710.0,0.0,1.0
2015-10-01,71.27,71.97,69.7701,70.83,56.452493733500006,2519675.0,0.0,1.0
2015-10-02,70.19,71.46,69.37,71.41,56.9147617889,2593109.0,0.0,1.0
2015-10-05,72.0,73.25,71.3496,72.24,57.576283316499996,6323458.0,0.0,1.0
2015-10-06,72.29,73.05,71.89,72.47,57.7595965109,2819787.0,0.0,1.0
2015-10-07,72.74,73.74,72.4801,73.15,58.301565955200005,2325233.0,0.0,1.0
2015-10-08,73.16,74.47,72.74,74.43,59.32174373260001,2239703.0,0.0,1.0
2015-10-09,74.41,75.22,73.99,74.39,59.2898631771,2938086.0,0.0,1.0
2015-10-12,74.41,74.41,73.31,73.72,58.7558638717,2081888.0,0.0,1.0
2015-10-13,73.61,73.93,73.18,73.38,58.484879149499996,2147545.0,0.0,1.0
2015-10-14,73.12,74.3,73.0,73.77,58.795714566099996,1956846.0,0.0,1.0
2015-10-15,74.15,75.22,73.922,75.22,59.951384704700004,2135670.0,0.0,1.0
2015-10-16,75.68,78.0,74.87,77.39,61.6809048431,3435205.0,0.0,1.0
2015-10-19,76.89,77.1999,76.29,76.8,61.2106666488,1951906.0,0.0,1.0
2015-10-20,76.2,77.1599,76.11,76.87,61.266457621,1922053.0,0.0,1.0
2015-10-21,77.0,77.74,76.63,77.05,61.409920120900004,2371767.0,0.0,1.0
2015-10-22,77.22,79.94,77.22,79.94,63.7132902591,3951738.0,0.0,1.0
2015-10-23,79.15,79.89,77.43,77.98,62.1511430374,3179036.0,0.0,1.0
2015-10-26,78.18,78.18,76.48,76.81,61.21863678760001,2563812.0,0.0,1.0
2015-10-27,76.21,77.4799,76.21,77.17,61.5055617876,2435227.0,0.0,1.0
2015-10-28,77.15,79.2,76.34,79.18,63.1075597038,2382026.0,0.0,1.0
2015-10-29,78.84,78.997,77.84899999999998,78.65,62.6851423428,1788502.0,0.0,1.0
2015-10-30,78.37,78.99,77.86,77.97,62.143172898500005,2053021.0,0.0,1.0
2015-11-02,78.43,78.93,77.72,78.27,62.38227706510001,1536530.0,0.0,1.0
2015-11-03,77.83,77.9999,75.8803,76.43,60.9157715099,4489805.0,0.0,1.0
2015-11-04,76.32,76.6683,75.24,75.82,60.4295930379,2631285.0,0.0,1.0
2015-11-05,76.2,76.4989,74.75,75.42,60.1107874824,3347202.0,0.0,1.0
2015-11-06,73.75,74.5,71.58,72.01,57.3929701221,8819867.0,0.0,1.0
2015-11-09,72.0,72.68,70.85,71.24,56.779269427799996,4231011.0,0.0,1.0
2015-11-10,71.75,72.22,71.1506,72.08,57.4487610943,3470418.0,0.0,1.0
2015-11-11,72.7,72.86,71.36,72.11,57.472671511,3537798.0,0.0,1.0
2015-11-12,71.18,71.3775,70.25,70.9,56.9665676917,3931505.0,0.575,1.0
2015-11-13,70.62,71.71,70.5801,70.77,56.8621155929,3008004.0,0.0,1.0
2015-11-16,71.02,72.11,70.94,71.655,57.573193341999996,2398441.0,0.0,1.0
2015-11-17,72.1,72.13,70.64,71.45,57.4084804171,4247437.0,0.0,1.0
2015-11-18,71.84,73.035,71.17,72.585,58.3204275867,3780235.0,0.0,1.0
2015-11-19,73.25,73.73,72.34,73.34,58.927053236999996,2828653.0,0.0,1.0
2015-11-20,74.17,75.57,73.4,73.65,59.1761313186,4003244.0,0.0,1.0
2015-11-23,74.03,74.54,73.895,74.07,59.5135919453,2706173.0,0.0,1.0
2015-11-24,73.73,74.51,73.68,74.47,59.8349830183,2863937.0,0.0,1.0
2015-11-25,74.45,74.92,73.85,74.64,59.97157422430001,2384073.0,0.0,1.0
2015-11-27,74.57,75.0,74.22,74.61,59.947469893900006,777321.0,0.0,1.0
2015-11-30,74.52,74.86,73.5,73.69,59.208270425900004,4200074.0,0.0,1.0
2015-12-01,74.23,75.0,73.8,74.47,59.8349830183,3749325.0,0.0,1.0
2015-12-02,74.21,74.6199,72.9201,73.04,58.686009932299996,2568705.0,0.0,1.0
2015-12-03,73.3,73.68,71.09,71.46,57.416515193900004,3019136.0,0.0,1.0
2015-12-04,71.4,72.73,71.07,72.22,58.0271582326,4495856.0,0.0,1.0
2015-12-07,71.92,72.2045,70.8503,71.43,57.3924108634,3323628.0,0.0,1.0
2015-12-08,71.0,71.6548,70.58800000000002,71.53,57.4727586317,4520579.0,0.0,1.0
2015-12-09,71.16,72.17,70.5,70.9,56.9665676917,3940794.0,0.0,1.0
2015-12-10,70.83,71.335,70.51,70.84,56.918359030699996,2733737.0,0.0,1.0
2015-12-11,70.09,70.69,69.39,69.69,55.9943596958,3755995.0,0.0,1.0
2015-12-14,70.07,71.08,69.77,70.975,57.0268285178,3895009.0,0.0,1.0
2015-12-15,71.73,72.75,71.65,72.01,57.858427919300006,4168696.0,0.0,1.0
2015-12-16,72.61,73.2,71.89,73.01,58.6619056018,2176876.0,0.0,1.0
2015-12-17,72.95,73.3,71.9,71.92,57.7861149278,2402721.0,0.0,1.0
2015-12-18,71.42,71.94,70.63,70.67,56.78176782470001,6568343.0,0.0,1.0
2015-12-21,70.52,71.66,70.37,71.38,57.8142366467,5466879.0,0.575,1.0
2015-12-22,71.64,73.19,71.315,72.93,59.0696592694,5053274.0,0.0,1.0
2015-12-23,73.3,74.78,72.99,74.51,60.349380394300006,4193443.0,0.0,1.0
2015-12-24,74.81,74.81,73.88,73.96,59.903907850799996,1962511.0,0.0,1.0
2015-12-28,73.71,73.7844,72.89,73.42,59.46653480810001,5421794.0,0.0,1.0
2015-12-29,73.65,74.86,73.4,74.69,60.495171408599994,4351737.0,0.0,1.0
2015-12-30,74.65,74.96,73.71,73.75,59.7338183342,1779981.0,0.0,1.0
2015-12-31,73.37,73.5,72.63,72.76,58.931967755900004,1857050.0,0.0,1.0
2016-01-04,71.38,72.85,71.35,72.7,58.8833707512,5209447.0,0.0,1.0
2016-01-05,72.74,73.58,72.28,73.39,59.4422363057,3858575.0,0.0,1.0
2016-01-06,72.2,73.68,72.03,73.53,59.5556293168,3294730.0,0.0,1.0
2016-01-07,72.01,72.99,71.85,71.9,58.2354106879,4050321.0,0.0,1.0
2016-01-08,72.19,72.47,71.1,71.18,57.6522466309,3092105.0,0.0,1.0
2016-01-11,71.35,72.53,70.77,72.27,58.5350922171,3329473.0,0.0,1.0
2016-01-12,72.85,73.35,72.1316,73.23,59.31264429310001,2924618.0,0.0,1.0
2016-01-13,73.19,73.44,70.64,70.81,57.3525651016,3448459.0,0.0,1.0
2016-01-14,70.96,71.5277,70.304,70.74,57.2958685961,4610603.0,0.0,1.0
2016-01-15,68.9,70.15,68.18,69.2,56.048545474300006,6551215.0,0.0,1.0
2016-01-19,70.01,70.52,69.55,70.17,56.834197051000004,5107078.0,0.0,1.0
2016-01-20,69.28,71.58,68.74,71.17,57.6441471301,4606976.0,0.0,1.0
2016-01-21,72.0,73.33,71.3262,73.05,59.1668532788,6208213.0,0.0,1.0
2016-01-22,73.6,74.5,72.51,74.39,60.2521863848,3111765.0,0.0,1.0
2016-01-25,73.7,74.67,73.3401,74.03,59.960604356400005,4123073.0,0.0,1.0
2016-01-26,73.37,76.0,73.37,75.98,61.54000701060001,3851276.0,0.0,1.0
2016-01-27,75.87,77.15,75.15,75.97,61.53190750979999,5348171.0,0.0,1.0
2016-01-28,76.27,76.99,75.48,76.16,61.685798024899995,3542405.0,0.0,1.0
2016-01-29,76.9,78.22,76.4,78.06,63.224703175200005,4508248.0,0.0,1.0
2016-02-01,77.37,77.48,75.67,77.01,62.3742555921,3564201.0,0.0,1.0
2016-02-02,75.97,76.8,75.72,75.97,61.53190750979999,5631636.0,0.0,1.0
2016-02-03,76.37,76.37,73.83,74.89,60.657161424399995,6239683.0,0.0,1.0
2016-02-04,75.04,75.1998,72.92,74.15,60.0577983659,7077139.0,0.0,1.0
2016-02-05,74.28,74.56,72.14,72.78,58.9481667575,9351550.0,0.0,1.0
2016-02-08,72.09,72.2,70.18,71.22,57.684644634099996,4704643.0,0.0,1.0
2016-02-09,70.6,71.96,70.01,71.51,57.919530157,4616880.0,0.0,1.0
2016-02-10,72.07,73.3,71.7128,72.11,58.4055002045,2520133.0,0.0,1.0
2016-02-11,70.9,71.96,70.17399999999999,71.44,57.8628336515,3041545.0,0.0,1.0
2016-02-12,72.2,72.45,71.02,71.92,58.2516096895,2985772.0,0.0,1.0
2016-02-16,72.9,73.06,71.92,72.31,58.567490220299995,3852061.0,0.0,1.0
2016-02-17,73.0,74.39,72.5,74.24,60.130693873,3628134.0,0.0,1.0
2016-02-18,74.08,74.29,73.34,73.45,59.4908333105,2755154.0,0.0,1.0
2016-02-19,72.9,73.6932,72.83,73.52,59.547529816,4333490.0,0.0,1.0
2016-02-22,74.39,74.39,72.21,73.33,59.393639301,2916664.0,0.0,1.0
2016-02-23,73.1,73.49,72.56,72.82,58.980564760600004,2805581.0,0.0,1.0
2016-02-24,72.33,73.33,71.825,72.99,59.1182562741,3526901.0,0.0,1.0
2016-02-25,73.41,74.98,73.33,74.96,60.713857929899994,4962306.0,0.0,1.0
2016-02-26,78.8,78.9,76.65,77.84,63.0465141578,10319742.0,0.0,1.0
2016-02-29,77.28,78.0,76.93,77.02,62.3823550929,4885535.0,0.0,1.0
2016-03-01,77.66,77.92,76.92,77.66,62.9007231435,5445500.0,0.0,1.0
2016-03-02,77.61,77.8,76.12,77.49,62.7630316301,5075812.0,0.0,1.0
2016-03-03,77.3,77.55,76.46,77.37,62.6658376206,3240154.0,0.0,1.0
2016-03-04,77.91,77.92,76.26,77.2,62.5281461071,3677820.0,0.0,1.0
2016-03-07,77.01,77.39,76.14,76.5,61.961181051800004,2581169.0,0.0,1.0
2016-03-08,76.01,77.15,75.94,76.29,61.7910915352,2744743.0,0.0,1.0
2016-03-09,76.67,77.0,75.8,76.63,62.0664745621,2631348.0,0.0,1.0
2016-03-10,76.98,77.146,75.55,76.22,61.7343950296,2107224.0,0.0,1.0
2016-03-11,77.26,77.35,76.41,76.95,62.3256585874,2342927.0,0.0,1.0
2016-03-14,76.88,77.7699,76.1,77.57,62.8278276364,2278270.0,0.0,1.0
2016-03-15,77.46,77.82,76.82,77.78,62.997917153,2924740.0,0.0,1.0
2016-03-16,77.98,78.11,76.95,78.03,63.6661259683,3400043.0,0.575,1.0
2016-03-17,77.58,78.1,76.74,78.01,63.6498075969,4506370.0,0.0,1.0
2016-03-18,78.38,78.39,76.77,77.31,63.0786645983,9081037.0,0.0,1.0
2016-03-21,76.97,77.5,76.17,76.59,62.4912032284,3203356.0,0.0,1.0
2016-03-22,76.99,77.0248,76.03,76.44,62.368815443,2615585.0,0.0,1.0
2016-03-23,76.57,77.06,76.21,76.81,62.6707053137,2295790.0,0.0,1.0
2016-03-24,76.77,77.27,75.8585,76.46,62.38513381439999,3356722.0,0.0,1.0
2016-03-28,76.62,77.93,76.06,77.76,63.4458279546,3581804.0,0.0,1.0
2016-03-29,77.58,78.81,77.03,78.8,64.2943832667,3907409.0,0.0,1.0
2016-03-30,78.92,79.05,78.27,78.9,64.3759751236,3340584.0,0.0,1.0
2016-03-31,78.95,78.95,78.28,78.56,64.0985628101,3400306.0,0.0,1.0
2016-04-01,78.53,79.16,78.115,79.08,64.52284046609999,3418193.0,0.0,1.0
2016-04-04,78.97,79.09,78.38,78.85,64.3351791952,3495210.0,0.0,1.0
2016-04-05,78.47,78.85,77.89,78.01,63.6498075969,2679566.0,0.0,1.0
2016-04-06,78.42,78.42,77.5,78.36,63.9353790962,2421860.0,0.0,1.0
2016-04-07,78.02,78.29,77.025,77.5,63.233689126499996,3216442.0,0.0,1.0
2016-04-08,77.97,78.6,77.54,78.47,64.0251301388,2138989.0,0.0,1.0
2016-04-11,78.73,79.0,77.85,77.91,63.56821574,2894766.0,0.0,1.0
2016-04-12,78.0,78.63,77.54,78.33,63.910901539099996,2348275.0,0.0,1.0
2016-04-13,78.68,78.73,77.09,77.4,63.1520972696,3246351.0,0.0,1.0
2016-04-14,77.4,77.815,76.89,77.17,62.964435998599996,3150477.0,0.0,1.0
2016-04-15,77.56,78.29,77.13,78.05,63.68244433970001,3042235.0,0.0,1.0
2016-04-18,77.92,78.36,77.27,78.34,63.9190607248,2207308.0,0.0,1.0
2016-04-19,78.34,78.88,77.86,78.3,63.886423982,2591180.0,0.0,1.0
2016-04-20,78.34,78.68,77.5,77.92,63.576374925699994,1867393.0,0.0,1.0
2016-04-21,77.79,77.92,76.6408,76.74,62.613591013800004,2110736.0,0.0,1.0
2016-04-22,76.7,78.15,76.7,78.1,63.72324026810001,2409831.0,0.0,1.0
2016-04-25,77.88,78.84,77.54,78.73,64.23726896689999,2323826.0,0.0,1.0
2016-04-26,78.71,79.55,78.51,78.7,64.21279140979999,2315687.0,0.0,1.0
2016-04-27,79.22,79.5,77.99,79.1,64.5391588375,2249598.0,0.0,1.0
2016-04-28,78.55,79.23,78.09,78.36,63.9353790962,1962623.0,0.0,1.0
2016-04-29,77.61,78.285,77.13,78.07,63.698762711099995,3208743.0,0.0,1.0
2016-05-02,78.07,80.25,78.0,79.52,64.8818446367,3700714.0,0.0,1.0
2016-05-03,79.02,79.29,78.221,78.68,64.1964730384,2508165.0,0.0,1.0
2016-05-04,78.48,80.3,78.29,79.98,65.2571671786,4686999.0,0.0,1.0
2016-05-05,82.96,84.17,82.5,82.97,67.69676370100001,8629304.0,0.0,1.0
2016-05-06,82.83,84.04,81.94,84.0,68.5371598275,3993622.0,0.0,1.0
2016-05-09,84.0,84.79,83.64,84.26,68.7492986555,3272295.0,0.0,1.0
2016-05-10,84.44,86.2,84.23,86.14,70.2832255659,3593730.0,0.0,1.0
2016-05-11,85.97,86.54,85.19,85.2,69.5162621107,2824540.0,0.0,1.0
2016-05-12,85.48,86.66,85.15,86.34,70.4464092798,2427536.0,0.0,1.0
2016-05-13,86.03,86.45,84.72,85.13,69.4591478108,2857256.0,0.0,1.0
2016-05-16,85.33,86.24,85.04,85.87,70.06292755220001,2061887.0,0.0,1.0
2016-05-17,85.69,86.06,81.77,82.16,67.0358696598,7395062.0,0.0,1.0
2016-05-18,81.95,82.2792,80.4601,81.18,66.2362694618,8695601.0,0.0,1.0
2016-05-19,80.85,83.02,80.61,83.0,67.72124125810001,3932845.0,0.0,1.0
2016-05-20,82.4,82.86,81.82,82.42,67.24800848779999,2720117.0,0.0,1.0
2016-05-23,82.51,83.25,82.42,82.81,67.56621672989999,1996906.0,0.0,1.0
2016-05-24,83.13,84.375,82.7,84.22,68.7166619127,2385573.0,0.0,1.0
2016-05-25,83.56,84.78,83.13,84.27,69.2266110186,2701475.0,0.575,1.0
2016-05-26,84.02,84.82,83.76,83.81,68.8487275361,2424016.0,0.0,1.0
2016-05-27,83.66,84.26,83.5,84.1,69.0869584272,1272865.0,0.0,1.0
2016-05-31,84.16,84.44,82.6737,83.19,68.3394063206,3943680.0,0.0,1.0
2016-06-01,83.09,83.99,83.0,83.95,68.9637355525,1955414.0,0.0,1.0
2016-06-02,83.88,84.79,83.55,84.78,69.6455687926,2207230.0,0.0,1.0
2016-06-03,85.0,85.42,84.7,85.3,70.072741425,3031379.0,0.0,1.0
2016-06-06,85.5,85.6,84.69,84.99,69.8180808172,2552651.0,0.0,1.0
2016-06-07,85.17,85.68,84.62,84.75,69.62092421770001,2454660.0,0.0,1.0
2016-06-08,85.06,85.42,84.33,85.18,69.97416312520001,1757256.0,0.0,1.0
2016-06-09,84.92,85.73,84.78,85.62,70.3356168911,2098598.0,0.0,1.0
2016-06-10,85.6,85.6,84.71,85.34,70.1056008583,2117958.0,0.0,1.0
2016-06-13,85.27,85.75,84.645,84.95,69.785221384,2790387.0,0.0,1.0
2016-06-14,84.94,85.29,84.33,84.88,69.7277173758,2637713.0,0.0,1.0
2016-06-15,85.0,85.39,84.36,84.84,69.6948579425,2967405.0,0.0,1.0
2016-06-16,84.68,85.32,83.98,85.28,70.0563117084,2333360.0,0.0,1.0
2016-06-17,85.34,85.37,84.02,84.82,69.6784282259,5526748.0,0.0,1.0
2016-06-20,85.49,86.5,85.2375,85.5,70.2370385913,2854143.0,0.0,1.0
2016-06-21,85.54,86.44,85.49,85.69,70.3931208993,1953719.0,0.0,1.0
2016-06-22,85.94,85.99,85.08,85.21,69.9988077002,1961395.0,0.0,1.0
2016-06-23,85.94,86.38799999999998,85.425,86.37,70.9517312647,2452214.0,0.0,1.0
2016-06-24,83.7,85.1,83.42,83.73,68.7830086696,11942081.0,0.0,1.0
2016-06-27,83.23,83.85,82.5,83.63,68.7008600864,3583834.0,0.0,1.0
2016-06-28,83.87700000000002,84.79,83.0,84.77,69.63735393430001,3569449.0,0.0,1.0
2016-06-29,85.03,86.33,84.7,86.1,70.7299300902,3348489.0,0.0,1.0
2016-06-30,86.39,88.63,86.17,88.48,72.6850663691,5571245.0,0.0,1.0
2016-07-01,88.58,89.4,88.15,88.24,72.48790976949999,2551756.0,0.0,1.0
2016-07-05,88.19,89.49,87.5,88.74,72.8986526853,3320380.0,0.0,1.0
2016-07-06,88.65,89.765,88.25,89.74,73.7201385168,3331672.0,0.0,1.0
2016-07-07,89.57,89.82,88.81,89.31,73.3668996092,2525580.0,0.0,1.0
2016-07-08,89.93,90.26,89.13,89.85,73.81050195819999,3703552.0,0.0,1.0
2016-07-11,89.93,90.15,89.31,89.84,73.8022870999,2860458.0,0.0,1.0
2016-07-12,89.49,89.72,87.63,87.8,72.1264560037,4362929.0,0.0,1.0
2016-07-13,87.83,89.08,87.63,89.02,73.1286687181,2702395.0,0.0,1.0
2016-07-14,89.14,89.24700000000001,87.86,88.34,72.5700583527,3457827.0,0.0,1.0
2016-07-15,88.9,89.2199,88.13,88.86,72.9972309851,2311908.0,0.0,1.0
2016-07-18,89.08,89.3,88.54,89.1,73.1943875846,1769351.0,0.0,1.0
2016-07-19,88.84,89.11,88.26,88.97,73.08759442649999,1751675.0,0.0,1.0
2016-07-20,88.87,88.95,87.94,88.17,72.4304057613,2229505.0,0.0,1.0
2016-07-21,88.1,88.19,87.3265,87.64,71.9950182707,2081113.0,0.0,1.0
2016-07-22,88.02,88.49,87.815,88.16,72.422190903,2022941.0,0.0,1.0
2016-07-25,88.16,88.43,87.83,88.41,72.6275623609,1447370.0,0.0,1.0
2016-07-26,88.54,88.79,87.04,87.06,71.5185564884,1553078.0,0.0,1.0
2016-07-27,87.38,87.46,85.2,85.63,70.3438317494,3931690.0,0.0,1.0
2016-07-28,85.68,86.21,85.24,85.96,70.6149220738,2190301.0,0.0,1.0
2016-07-29,86.23,86.63,85.8601,86.39,70.9681609813,1778876.0,0.0,1.0
2016-08-01,86.3,86.58,85.52,85.97,70.6231369321,2778456.0,0.0,1.0
2016-08-02,85.75,85.75,84.64,85.15,69.9495185503,2832285.0,0.0,1.0
2016-08-03,85.31,85.4759,84.25,84.9,69.7441470924,2491478.0,0.0,1.0
2016-08-04,85.13,85.64,84.68,85.54,70.2698980246,3221770.0,0.0,1.0
2016-08-05,89.85,90.49,88.5,88.79,72.93972697689999,5106387.0,0.0,1.0
2016-08-08,88.71,88.79,87.59,88.75,72.9068675436,2427983.0,0.0,1.0
2016-08-09,88.93,89.99,88.735,89.78,73.75299795,2275827.0,0.0,1.0
2016-08-10,89.77,89.95,88.97,89.35,73.3997590425,1423146.0,0.0,1.0
2016-08-11,89.71,90.43,89.29,89.44,73.4736927673,2588811.0,0.0,1.0
2016-08-12,89.23,90.47,89.23,89.56,73.5722710671,1539255.0,0.0,1.0
2016-08-15,89.71,89.89,88.85,89.08,73.17795786800001,1661022.0,0.0,1.0
2016-08-16,89.03,89.17,88.255,88.96,73.0793795682,2259601.0,0.0,1.0
2016-08-17,89.05,89.47,88.24,89.41,73.4490481924,1832898.0,0.0,1.0
2016-08-18,89.3,89.86,89.0998,89.76,73.7365682334,1823007.0,0.0,1.0
2016-08-19,89.6,90.2,89.35,89.92,73.8680059664,1694926.0,0.0,1.0
2016-08-22,89.88,90.39,89.52,89.97,73.909080258,2092812.0,0.0,1.0
2016-08-23,90.25,90.48,89.3472,89.47,73.49833734229999,2020041.0,0.0,1.0
2016-08-24,88.84,88.99,88.03,88.95,73.5640562088,2581185.0,0.6,1.0
2016-08-25,88.99,89.94,88.6934,88.9,73.5227048562,1825891.0,0.0,1.0
2016-08-26,89.04,89.45,87.92,88.17,72.9189751088,1863591.0,0.0,1.0
2016-08-29,88.35,88.81,88.13,88.57,73.2497859293,1685105.0,0.0,1.0
2016-08-30,88.63,88.825,87.77,87.97,72.7535696985,1841543.0,0.0,1.0
2016-08-31,88.11,89.82,88.11,89.49,74.01065081649999,2696431.0,0.0,1.0
2016-09-01,89.57,89.71,88.54,89.48,74.0023805459,2215474.0,0.0,1.0
2016-09-02,89.9,90.54,89.11,89.61,74.1098940626,2062089.0,0.0,1.0
2016-09-06,89.69,90.18,89.1347,89.74,74.2174075793,1786384.0,0.0,1.0
2016-09-07,89.23,89.81,88.96,89.79,74.2587589318,3344795.0,0.0,1.0
2016-09-08,89.7,89.79,88.71,89.19,73.7625427011,2191620.0,0.0,1.0
2016-09-09,88.24,88.3697,85.95,85.97,71.099515596,3837863.0,0.0,1.0
2016-09-12,85.58,88.7,85.35,88.56,73.2415156588,3014953.0,0.0,1.0
2016-09-13,89.27,89.27,87.45,88.27,73.0016778139,2579768.0,0.0,1.0
2016-09-14,88.13,88.82,87.38,87.68,72.5137318537,1910701.0,0.0,1.0
2016-09-15,87.36,89.26,87.32,89.17,73.7460021601,1967612.0,0.0,1.0
2016-09-16,88.83,89.13,87.65,88.94,73.5557859383,4476758.0,0.0,1.0
2016-09-19,88.88,89.0,86.9,86.97,71.9265426473,4032444.0,0.0,1.0
2016-09-20,87.48,87.72,87.1,87.12,72.050596705,3018384.0,0.0,1.0
2016-09-21,87.26,88.16,86.76,87.91,72.70394807550001,2592413.0,0.0,1.0
2016-09-22,88.63,89.16,88.34,89.05,73.6467589139,1516795.0,0.0,1.0
2016-09-23,89.19,89.5,88.67,88.83,73.4648129626,1466988.0,0.0,1.0
2016-09-26,88.78,88.98,88.06,88.53,73.2167048472,1487435.0,0.0,1.0
2016-09-27,88.76,89.49,88.52,89.23,73.7956237831,1530325.0,0.0,1.0
2016-09-28,89.58,89.62,88.81,89.55,74.0602724395,1628667.0,0.0,1.0
2016-09-29,89.23,89.43,88.41,88.57,73.2497859293,1411764.0,0.0,1.0
2016-09-30,89.0,89.91,88.85,89.51,74.0271913575,2499174.0,0.0,1.0
2016-10-03,89.25,89.46,88.75,89.08,73.6715697254,1857873.0,0.0,1.0
2016-10-04,89.29,89.29,87.69,88.02,72.79492105109999,1940530.0,0.0,1.0
2016-10-05,88.32,88.32,87.34,87.38,72.2656237383,1910963.0,0.0,1.0
2016-10-06,87.03,87.66,86.78,87.49,72.3565967139,1172102.0,0.0,1.0
2016-10-07,87.76,87.76,86.7,87.4,72.2821642793,1723648.0,0.0,1.0
2016-10-10,87.44,88.67,87.44,88.5,73.1918940357,2012548.0,0.0,1.0
2016-10-11,88.24,88.4999,87.06,87.24,72.14983995109999,2508653.0,0.0,1.0
2016-10-12,88.46,88.46,87.0,87.14,72.067137246,3072897.0,0.0,1.0
2016-10-13,86.79,87.32,86.5,87.05,71.9927048114,2861894.0,0.0,1.0
2016-10-14,87.34,88.7,87.06,88.53,73.2167048472,2388906.0,0.0,1.0
2016-10-17,88.72,89.0,88.03,88.83,73.4648129626,2208358.0,0.0,1.0
2016-10-18,90.09,90.15,88.9,88.93,73.5475156678,2739950.0,0.0,1.0
2016-10-19,88.93,88.95,87.55,88.08,72.8445426742,2720953.0,0.0,1.0
2016-10-20,87.22,88.76,87.22,87.96,72.745299428,2662129.0,0.0,1.0
2016-10-21,87.65,88.18,86.9797,87.92,72.712218346,2086578.0,0.0,1.0
2016-10-24,88.61,89.22,88.51100000000002,88.91,73.5309751267,1744473.0,0.0,1.0
2016-10-25,89.23,89.68,88.17,88.36,73.0761102485,3220140.0,0.0,1.0
2016-10-26,88.51,88.7,87.91,88.08,72.8445426742,1513368.0,0.0,1.0
2016-10-27,88.17,88.3699,87.181,87.69,72.5220021242,2127848.0,0.0,1.0
2016-10-28,87.48,88.67,87.48,88.08,72.8445426742,1771052.0,0.0,1.0
2016-10-31,88.44,89.16,88.31,88.95,73.5640562088,3578117.0,0.0,1.0
2016-11-01,89.0,89.18,88.11,88.37,73.08438051899999,2542688.0,0.0,1.0
2016-11-02,88.63,88.69,87.98,88.15,72.9024345678,1917836.0,0.0,1.0
2016-11-03,88.12,88.37,86.13,86.25,71.3310831704,5041946.0,0.0,1.0
2016-11-04,82.03,85.24,81.0,84.05,69.5116236576,7825153.0,0.0,1.0
2016-11-07,85.32,86.09,84.3,86.03,71.1491372191,4101146.0,0.0,1.0
2016-11-08,86.23,88.84,86.07,88.34,73.0595697075,2791206.0,0.0,1.0
2016-11-09,86.18,86.97,84.18,84.94,70.2476777333,5097213.0,0.0,1.0
2016-11-10,85.03,85.53,80.56,81.42,67.3365425129,7643625.0,0.0,1.0
2016-11-11,81.0,81.74,80.16,81.21,67.1628668321,4151058.0,0.0,1.0
2016-11-14,81.01,81.63,79.92,80.08,66.2283262642,4463441.0,0.0,1.0
2016-11-15,80.57,81.72,80.22,81.14,67.1049749385,5723931.0,0.0,1.0
2016-11-16,81.38,82.75,81.29,82.4,68.1470290231,3327175.0,0.0,1.0
2016-11-17,82.31,82.84,81.5,82.84,68.5109209256,3161607.0,0.0,1.0
2016-11-18,82.7,82.93,82.02,82.53,68.2545425397,2715717.0,0.0,1.0
2016-11-21,82.53,83.82,82.205,83.64,69.1725425666,2508635.0,0.0,1.0
2016-11-22,83.86,84.4698,83.7,84.09,69.54470473970001,2647972.0,0.0,1.0
2016-11-23,83.8,84.31,81.73,82.44,68.1801101051,3459998.0,0.0,1.0
2016-11-25,82.63,83.29,82.63,82.95,68.6018939013,1230342.0,0.0,1.0
2016-11-28,82.95,83.67,82.36,83.22,68.8251912051,2642268.0,0.0,1.0
2016-11-29,83.4,84.5,83.13,84.0,69.4702723051,3744596.0,0.0,1.0
2016-11-30,83.1,83.51,81.65,81.65,68.0229749654,3309895.0,0.6,1.0
2016-12-01,81.51,81.78,79.93,80.49,67.0565738514,4044063.0,0.0,1.0
2016-12-02,80.74,81.52,80.35,80.91,67.40647770300001,2779307.0,0.0,1.0
2016-12-05,80.91,81.15,80.115,80.28,66.8816219256,4415506.0,0.0,1.0
2016-12-06,80.61,80.878,79.69,79.96,66.6150285148,3566761.0,0.0,1.0
2016-12-07,80.44,83.21,80.27,82.95,69.1060106966,4870172.0,0.0,1.0
2016-12-08,82.59,82.79,81.86,82.31,68.5728238751,2497664.0,0.0,1.0
2016-12-09,82.55,83.7925,82.07,83.78,69.7974873558,2381487.0,0.0,1.0
2016-12-12,83.6,84.83,83.29,84.2,70.14739120739999,2536296.0,0.0,1.0
2016-12-13,84.6,85.6,84.03,84.94,70.7638884698,3644132.0,0.0,1.0
2016-12-14,84.98,85.4,83.72,84.36,70.28068791279999,3348594.0,0.0,1.0
2016-12-15,85.13,86.06,84.13,85.37,71.1221233655,4410125.0,0.0,1.0
2016-12-16,85.88,86.56,84.86,86.46,72.0302071709,6037676.0,0.0,1.0
2016-12-19,86.35,86.89,85.72,86.6,72.14684178819999,3365385.0,0.0,1.0
2016-12-20,86.28,86.6,85.33,85.98,71.63031705479999,2665452.0,0.0,1.0
2016-12-21,85.93,86.99,85.8,86.61,72.15517283220001,2202026.0,0.0,1.0
2016-12-22,86.45,87.29,86.3,87.28,72.713352786,1966288.0,0.0,1.0
2016-12-23,87.1,87.62,86.96,87.57,72.9549530645,2488277.0,0.0,1.0
2016-12-27,87.66,88.08,87.3,87.58,72.96328410859999,1993198.0,0.0,1.0
2016-12-28,87.5,87.77,87.03,87.31,72.7383459183,1384774.0,0.0,1.0
2016-12-29,87.3,88.15,87.3,87.93,73.2548706516,1837797.0,0.0,1.0
2016-12-30,88.02,88.16,87.07,87.32,72.7466769624,2051740.0,0.0,1.0
2017-01-03,87.85,87.97,86.4,87.53,72.92162888819999,3104614.0,0.0,1.0
2017-01-04,87.52,87.97,86.9,87.03,72.5050766839,2274880.0,0.0,1.0
2017-01-05,86.9,87.3,86.08,86.53,72.0885244796,3037390.0,0.0,1.0
2017-01-06,86.53,86.6298,85.83,86.31,71.9052415097,2450244.0,0.0,1.0
2017-01-09,86.25,86.475,85.59,86.07,71.70529645159999,2482512.0,0.0,1.0
2017-01-10,85.85,86.3,85.41,85.91,71.57199974619998,2539939.0,0.0,1.0
2017-01-11,86.12,87.04,86.04,86.76,72.2801384935,2754510.0,0.0,1.0
2017-01-12,86.83,87.77,86.5,87.42,72.8299874032,2484719.0,0.0,1.0
2017-01-13,87.42,87.43,86.5775,87.03,72.5050766839,1799100.0,0.0,1.0
2017-01-17,86.71,87.975,86.71,87.92,73.2465396076,2304841.0,0.0,1.0
2017-01-18,87.8,88.59,87.8,88.35,73.60477450329998,2881765.0,0.0,1.0
2017-01-19,88.18,88.43,87.55,87.85,73.188222299,1690802.0,0.0,1.0
2017-01-20,88.35,89.0,88.01,88.95,74.1046371485,2795514.0,0.0,1.0
2017-01-23,88.66,88.95,88.2,88.8,73.97967148720001,2654131.0,0.0,1.0
2017-01-24,88.91,89.19,88.32,88.69,73.8880300022,2171124.0,0.0,1.0
2017-01-25,88.93,89.27,88.41,88.84,74.0129956635,2267495.0,0.0,1.0
2017-01-26,89.49,89.9,88.715,89.41,74.4878651764,3092073.0,0.0,1.0
2017-01-27,88.96,89.77,88.78,89.43,74.5045272646,1842940.0,0.0,1.0
2017-01-30,89.09,89.5,88.63,89.08,74.21294072159999,2233590.0,0.0,1.0
2017-01-31,88.9,89.56,88.835,89.29,74.3878926474,2650528.0,0.0,1.0
2017-02-01,88.89,89.335,88.3075,88.41,73.6547607678,1816784.0,0.0,1.0
2017-02-02,88.51,89.1,88.32,88.61,73.8213816495,1826675.0,0.0,1.0
2017-02-03,89.21,89.35,88.64,89.27,74.3712305592,2205056.0,0.0,1.0
2017-02-06,89.3,89.4,88.64,88.7,73.8963610463,1359780.0,0.0,1.0
2017-02-07,88.71,89.02,88.5,88.81,73.9880025313,2599297.0,0.0,1.0
2017-02-08,88.81,89.31,88.79,89.19,74.3045822065,3300398.0,0.0,1.0
2017-02-09,89.27,90.39,89.04,89.78,74.79611380760001,2708309.0,0.0,1.0
2017-02-10,89.6,90.54,89.34,90.2,75.1460176593,1882092.0,0.0,1.0
2017-02-13,90.31,90.6,89.695,90.58,75.4625973345,1812547.0,0.0,1.0
2017-02-14,90.57,91.0625,90.1,90.81,75.6542113485,2323242.0,0.0,1.0
2017-02-15,91.13,91.3,90.26,91.095,75.891646105,3083858.0,0.0,1.0
2017-02-16,89.1,89.84,86.35,87.28,72.713352786,10584747.0,0.0,1.0
2017-02-17,92.0,97.77,91.85,96.65,80.519541095,30007660.0,0.0,1.0
2017-02-21,91.82,95.48,91.35,94.87,79.0366152476,14423224.0,0.0,1.0
2017-02-22,94.85,95.0,92.99,93.36,77.77862759060001,5000119.0,0.0,1.0
2017-02-23,93.29,93.62,92.35,92.94,77.4287237389,2901140.0,0.0,1.0
2017-02-24,93.51,93.8,92.57,93.08,77.5453583561,2670483.0,0.0,1.0
2017-02-27,92.6,92.87,90.33,90.61,75.4875904668,6085677.0,0.0,1.0
2017-02-28,90.68,91.98,90.35,91.51,76.2373844346,4267732.0,0.0,1.0
2017-03-01,91.77,91.91,90.65,91.43,76.6705987271,2858644.0,0.6,1.0
2017-03-02,91.5,91.69,90.78,91.28,76.54481299140001,2552714.0,0.0,1.0
2017-03-03,91.25,91.5,90.81,91.5,76.729298737,1653039.0,0.0,1.0
2017-03-06,91.02,91.51,90.79,91.16,76.4441844029,2044942.0,0.0,1.0
2017-03-07,90.81,91.44,90.72,90.8,76.1422986374,1490968.0,0.0,1.0
2017-03-08,90.67,91.17,90.44,90.9,76.2261557945,2034763.0,0.0,1.0
2017-03-09,90.77,91.585,90.62,91.53,76.7544558842,2108524.0,0.0,1.0
2017-03-10,92.08,92.09100000000001,91.26,91.51,76.73768445270001,2277111.0,0.0,1.0
2017-03-13,91.37,91.5,91.02,91.18,76.46095583430001,2182943.0,0.0,1.0
2017-03-14,91.16,91.35,90.67,91.06,76.3603272458,2097343.0,0.0,1.0
2017-03-15,91.59,92.14,91.09,91.84,77.0144130711,2076292.0,0.0,1.0
2017-03-16,92.74,93.27,92.16,92.77,77.7942846321,4139046.0,0.0,1.0
2017-03-17,93.6,93.67,91.82,91.98,77.1318130911,5655915.0,0.0,1.0
2017-03-20,92.03,92.95,91.89,92.36,77.450470288,2062998.0,0.0,1.0
2017-03-21,92.31,92.78,91.59,91.9,77.0647273654,2373303.0,0.0,1.0
2017-03-22,92.25,92.75,92.04,92.29,77.391770278,1540330.0,0.0,1.0
2017-03-23,92.05,92.78,91.9,92.01,77.1569702382,1833318.0,0.0,1.0
2017-03-24,92.24,92.4,91.32,91.68,76.88024161979999,1703782.0,0.0,1.0
2017-03-27,91.5,91.59,91.0913,91.25,76.5196558443,1699017.0,0.0,1.0
2017-03-28,90.78,91.665,90.78,91.41,76.6538272957,2223337.0,0.0,1.0
2017-03-29,91.2,91.6,91.06,91.49,76.7209130213,1462578.0,0.0,1.0
2017-03-30,91.43,91.67,91.04,91.1,76.3938701087,1143400.0,0.0,1.0
2017-03-31,90.88,91.19,90.57,90.81,76.1506843531,2205051.0,0.0,1.0
2017-04-03,90.8,91.28,90.63,91.06,76.3603272458,3414988.0,0.0,1.0
2017-04-04,90.7,91.25,90.27,91.22,76.4944986972,2193999.0,0.0,1.0
2017-04-05,91.1,92.42,91.03,91.42,76.6622130114,2694733.0,0.0,1.0
2017-04-06,91.49,91.79,90.65,90.95,76.26808437300001,2096946.0,0.0,1.0
2017-04-07,91.17,91.49,90.67,90.7,76.0584414803,2000272.0,0.0,1.0
2017-04-10,90.65,91.0,90.16,90.89,76.2177700788,3496948.0,0.0,1.0
2017-04-11,90.89,91.07,90.3875,90.83,76.16745578449999,1396543.0,0.0,1.0
2017-04-12,91.03,92.14,91.01,91.93,77.0898845125,2007448.0,0.0,1.0
2017-04-13,92.05,92.05,91.4801,91.5,76.729298737,1816348.0,0.0,1.0
2017-04-17,91.8,91.96,91.03,91.58,76.7963844627,1803779.0,0.0,1.0
2017-04-18,91.54,92.63,91.33,92.5,77.5678703079,2135091.0,0.0,1.0
2017-04-19,92.43,92.45,91.69,91.85,77.02279878680001,1978523.0,0.0,1.0
2017-04-20,92.11,92.4,91.55,92.04,77.18212738529999,1787936.0,0.0,1.0
2017-04-21,92.13,92.24,91.56,91.6,76.81315589409999,1969817.0,0.0,1.0
2017-04-24,92.01,92.87,92.01,92.56,77.6181846022,2154155.0,0.0,1.0
2017-04-25,92.64,92.895,92.28,92.29,77.391770278,1799962.0,0.0,1.0
2017-04-26,92.32,92.33,90.88,90.92,76.2429272259,2700965.0,0.0,1.0
2017-04-27,90.92,91.42,90.66,90.83,76.16745578449999,2198139.0,0.0,1.0
2017-04-28,91.2,91.23,89.83,90.39,75.79848429329998,2882787.0,0.0,1.0
2017-05-01,90.65,90.75,89.35,89.47,75.0269984481,3352488.0,0.0,1.0
2017-05-02,89.64,89.83,88.76,89.0,74.6328698098,3047292.0,0.0,1.0
2017-05-03,90.22,90.22,88.9,89.14,74.7502698297,2641075.0,0.0,1.0
2017-05-04,88.0,91.8,87.14,89.7,75.21986990939999,6379778.0,0.0,1.0
2017-05-05,89.86,90.1,89.18,89.63,75.1611698995,2258953.0,0.0,1.0
2017-05-08,89.58,89.77,89.0,89.48,75.0353841638,2304920.0,0.0,1.0
2017-05-09,89.23,89.6507,88.87,89.2,74.800584124,2043658.0,0.0,1.0
2017-05-10,89.11,89.4,88.94,89.33,74.9095984282,1641677.0,0.0,1.0
2017-05-11,88.8,89.46,88.8,89.28,74.8676698496,1380383.0,0.0,1.0
2017-05-12,89.34,89.45,88.67,88.95,74.5909412312,1806474.0,0.0,1.0
2017-05-15,88.76,89.47,88.56,89.45,75.0102270167,1994069.0,0.0,1.0
2017-05-16,89.26,89.83,88.85,89.11,74.7251126826,1698141.0,0.0,1.0
2017-05-17,88.91,90.1401,88.51,89.51,75.5636842535,3703678.0,0.6,1.0
2017-05-18,89.65,90.73,88.91,90.16,76.1124094771,2783533.0,0.0,1.0
2017-05-19,89.75,90.55,89.4,90.28,76.2137125953,2686466.0,0.0,1.0
2017-05-22,90.11,91.33,90.04,91.18,76.9734859818,1812832.0,0.0,1.0
2017-05-23,91.21,92.0,91.01,91.87,77.55597891149999,1788675.0,0.0,1.0
2017-05-24,92.0,92.66,91.78,92.59,78.1637976207,1794603.0,0.0,1.0
2017-05-25,92.69,93.01,92.38,92.81,78.3495200041,1654448.0,0.0,1.0
2017-05-26,92.9,93.09,92.52,92.99,78.5014746814,1290092.0,0.0,1.0
2017-05-30,92.94,93.0,92.1875,92.46,78.054052576,1932823.0,0.0,1.0
2017-05-31,92.63,92.95,91.97,92.2,77.83456248659999,2147595.0,0.0,1.0
2017-06-01,92.35,92.74,91.42,92.73,78.281984592,2444573.0,0.0,1.0
2017-06-02,92.94,93.55,92.38,93.54,78.9657806398,2499687.0,0.0,1.0
2017-06-05,93.58,93.7,93.05,93.44,78.8813613747,1662394.0,0.0,1.0
2017-06-06,93.45,93.87,93.08,93.21,78.68719706479999,1745256.0,0.0,1.0
2017-06-07,93.45,93.88,93.14,93.77,79.1599449497,1955191.0,0.0,1.0
2017-06-08,93.46,93.67,92.475,92.57,78.1469137677,2397003.0,0.0,1.0
2017-06-09,92.48,92.54,90.46,90.83,76.6780185537,2782351.0,0.0,1.0
2017-06-12,90.6,92.42,90.4285,91.25,77.0325794674,2697612.0,0.0,1.0
2017-06-13,90.68,91.66,90.17,91.59,77.319604969,1881928.0,0.0,1.0
2017-06-14,92.15,92.45,90.99,91.46,77.2098599243,1689511.0,0.0,1.0
2017-06-15,91.16,91.84,91.01,91.65,77.3702565281,2300694.0,0.0,1.0
2017-06-16,90.87,91.22,88.91,89.41,75.4792649883,7186250.0,0.0,1.0
2017-06-19,89.96,90.24,89.02,89.85,75.8507097551,3288327.0,0.0,1.0
2017-06-20,89.66,89.7722,89.14,89.28,75.3695199436,2618085.0,0.0,1.0
2017-06-21,89.31,89.6975,89.11,89.4,75.4708230618,2176485.0,0.0,1.0
2017-06-22,89.47,89.75,88.895,89.1,75.2175652663,2600585.0,0.0,1.0
2017-06-23,89.4,89.4,88.57,88.85,75.0065171034,3093654.0,0.0,1.0
2017-06-26,89.53,89.73,88.87,88.94,75.082494442,1694776.0,0.0,1.0
2017-06-27,88.76,88.95,87.48,87.51,73.8752989501,2923059.0,0.0,1.0
2017-06-28,88.11,88.49,87.21,87.82,74.1369986721,2929936.0,0.0,1.0
2017-06-29,87.69,87.8125,85.45,85.76,72.3979618096,5012442.0,0.0,1.0
2017-06-30,87.2,87.27,85.5,85.64,72.2966586914,3072485.0,0.0,1.0
2017-07-03,85.96,86.1,84.39,84.47,71.3089532889,2905466.0,0.0,1.0
2017-07-05,84.46,84.76,83.645,83.79,70.7349022858,4351017.0,0.0,1.0
2017-07-06,83.3,83.61,82.62,82.82,69.9160354136,3334196.0,0.0,1.0
2017-07-07,82.58,83.9,82.2,83.04,70.101757797,3367780.0,0.0,1.0
2017-07-10,83.39,83.73,82.76,82.77,69.87382578100001,2954775.0,0.0,1.0
2017-07-11,82.2,83.99,82.2,83.75,70.7011345797,4926462.0,0.0,1.0
2017-07-12,84.33,85.18,84.29,84.7,71.5031175988,3996093.0,0.0,1.0
2017-07-13,84.74,85.04,84.335,84.85,71.62974649659999,2595407.0,0.0,1.0
2017-07-14,85.31,85.7,84.83,85.65,72.3051006179,2427648.0,0.0,1.0
2017-07-17,85.68,85.75,85.09,85.6,72.2628909853,1821875.0,0.0,1.0
2017-07-18,85.69,85.85,85.1732,85.6,72.2628909853,1558256.0,0.0,1.0
2017-07-19,85.63,85.85,85.21,85.69,72.33886832399999,2159064.0,0.0,1.0
2017-07-20,86.1,86.1,85.665,85.9,72.5161487809,2760517.0,0.0,1.0
2017-07-21,85.66,86.19,85.41,86.16,72.7356388703,2693952.0,0.0,1.0
2017-07-24,86.12,86.31,85.6001,86.22,72.7862904294,1695767.0,0.0,1.0
2017-07-25,86.24,87.61,86.145,87.42,73.7993216114,2739808.0,0.0,1.0
2017-07-26,87.5,90.38,87.4101,87.66,74.00192784779999,2901050.0,0.0,1.0
2017-07-27,87.53,88.22,87.31,88.19,74.4493499532,3003940.0,0.0,1.0
2017-07-28,87.8,88.07,87.07,87.64,73.9850439948,1883804.0,0.0,1.0
2017-07-31,87.79,87.99,86.98,87.46,73.8330893175,2386301.0,0.0,1.0
2017-08-01,87.38,87.77,86.55,86.67,73.1661771227,3234283.0,0.0,1.0
2017-08-02,86.29,87.14,85.48,86.87,73.335015653,3728626.0,0.0,1.0
2017-08-03,86.9,87.59899999999998,86.33,86.51,73.0311062984,3860639.0,0.0,1.0
2017-08-04,87.58,87.58,85.98100000000002,86.66,73.15773519609999,7918432.0,0.0,1.0
2017-08-07,86.54,87.23,86.26,87.02,73.4616445508,3185892.0,0.0,1.0
2017-08-08,86.64,86.98,86.02,86.16,72.7356388703,2668137.0,0.0,1.0
2017-08-09,86.0,86.74,85.51,86.46,72.9888966658,2495813.0,0.0,1.0
2017-08-10,85.92,86.4,85.58,85.89,72.5077068543,3005872.0,0.0,1.0
2017-08-11,85.9,86.57,85.64,86.47,72.9973385923,2503394.0,0.0,1.0
2017-08-14,86.75,87.29,86.5,87.02,73.4616445508,2446116.0,0.0,1.0
2017-08-15,87.05,87.2,86.5015,86.74,73.2252706083,1736544.0,0.0,1.0
2017-08-16,86.45,86.68,86.28,86.5,73.5502847792,1884643.0,0.625,1.0
2017-08-17,86.27,86.76,85.08,85.11,72.3683784689,2919534.0,0.0,1.0
2017-08-18,84.92,85.28,84.16,84.49,71.8411972369,2733906.0,0.0,1.0
2017-08-21,84.73,84.73,84.25,84.55,71.89221477550001,1717620.0,0.0,1.0
2017-08-22,84.76,85.13,84.65,85.05,72.3173609303,2014599.0,0.0,1.0
2017-08-23,84.95,85.16,84.48,84.75,72.06227323739999,1667866.0,0.0,1.0
2017-08-24,84.5,84.59,82.69,82.8,70.4042032337,3283308.0,0.0,1.0
2017-08-25,83.28,83.32,82.45,82.6,70.2341447718,3278067.0,0.0,1.0
2017-08-28,82.78,83.0,81.625,82.14,69.8430103094,2625274.0,0.0,1.0
2017-08-29,81.78,82.11,81.0875,81.44,69.2478056927,3477830.0,0.0,1.0
2017-08-30,81.5,82.19,81.23,81.93,69.66444892439999,3285275.0,0.0,1.0
2017-08-31,81.1,82.1,80.29,80.75,68.66110399909999,5374072.0,0.0,1.0
2017-09-01,80.75,81.1,80.1,80.85,68.74613323,4890208.0,0.0,1.0
2017-09-05,80.72,81.5,80.55,81.15,69.0012209229,3281065.0,0.0,1.0
2017-09-06,81.23,81.4,80.83,81.33,69.1542735386,2357084.0,0.0,1.0
2017-09-07,81.45,81.72,80.83,81.46,69.2648115389,3203174.0,0.0,1.0
2017-09-08,81.45,82.02,80.66,81.72,69.4858875394,3539809.0,0.0,1.0
2017-09-11,82.1,82.56,81.96,82.55,70.19163015630001,2846495.0,0.0,1.0
2017-09-12,82.82,82.98,82.06,82.18,69.8770220018,2228242.0,0.0,1.0
2017-09-13,82.26,82.35,81.67,81.91,69.6474430782,2821652.0,0.0,1.0
2017-09-14,81.98,82.0,81.0,81.28,69.1117589231,2875239.0,0.0,1.0
2017-09-15,81.33,81.88,80.52,81.43,69.2393027696,5884678.0,0.0,1.0
2017-09-18,81.24,81.61,81.04,81.4,69.2137940003,2704727.0,0.0,1.0
2017-09-19,81.3,81.42,80.6,80.83,68.7291273838,2315441.0,0.0,1.0
2017-09-20,80.49,80.56,79.13,79.87,67.9128467666,6105726.0,0.0,1.0
2017-09-21,79.99,80.46,78.94,79.01,67.1815953804,2959473.0,0.0,1.0
2017-09-22,79.01,79.24,77.4,77.52,65.9146598391,4721776.0,0.0,1.0
2017-09-25,77.6,78.45,77.47,78.42,66.67992291770001,4303089.0,0.0,1.0
2017-09-26,78.6,78.91,78.03,78.59,66.8244726104,3123062.0,0.0,1.0
2017-09-27,78.64,78.8,77.8,78.23,66.51836737890001,3060557.0,0.0,1.0
2017-09-28,78.28,78.75,77.73,77.97,66.2972913784,2718002.0,0.0,1.0
2017-09-29,78.03,78.26899999999998,77.44,77.55,65.9401686084,3649925.0,0.0,1.0
2017-10-02,77.55,78.27,76.89,77.85,66.1952563013,3605035.0,0.0,1.0
2017-10-03,77.95,78.14,77.29,77.82,66.169747532,2365539.0,0.0,1.0
2017-10-04,77.23,78.15,76.76,77.77,66.12723291649999,3679898.0,0.0,1.0
2017-10-05,77.95,78.485,77.7,78.25,66.5353732251,2823248.0,0.0,1.0
2017-10-06,78.84,78.94,77.985,78.18,66.4758527634,2340636.0,0.0,1.0
2017-10-09,78.29,78.62,77.195,77.33,65.7531043003,2667994.0,0.0,1.0
2017-10-10,77.75,78.25,77.66,78.14,66.441841071,2836741.0,0.0,1.0
2017-10-11,78.06,78.66,77.92,78.19,66.4843556865,2306849.0,0.0,1.0
2017-10-12,78.35,78.6478,78.04,78.15,66.4503439941,2469427.0,0.0,1.0
2017-10-13,78.55,78.6,77.66,77.74,66.1017241472,3706973.0,0.0,1.0
2017-10-16,77.79,78.095,77.48,77.65,66.0251978393,3419175.0,0.0,1.0
2017-10-17,77.73,78.01,77.34,77.54,65.9316656853,4357336.0,0.0,1.0
2017-10-18,77.41,77.462,76.67,77.1,65.5575370691,3269193.0,0.0,1.0
2017-10-19,77.0,77.08800000000002,76.31,76.47,65.021852914,3847620.0,0.0,1.0
2017-10-20,76.77,77.1,76.12,76.71,65.2259230683,4721242.0,0.0,1.0
2017-10-23,76.88,77.1,76.45,77.06,65.52352537670001,3981750.0,0.0,1.0
2017-10-24,77.12,77.42,76.93,77.22,65.6595721462,2883929.0,0.0,1.0
2017-10-25,76.73,77.42,76.23,77.33,65.7531043003,3841665.0,0.0,1.0
2017-10-26,77.59,77.94,77.15,77.3,65.727595531,2783198.0,0.0,1.0
2017-10-27,76.82,77.47,76.235,77.3,65.727595531,3736598.0,0.0,1.0
2017-10-30,77.2,77.22,75.21,75.27,64.0015021425,5060565.0,0.0,1.0
2017-10-31,76.18,77.4,76.02,77.33,65.7531043003,4802742.0,0.0,1.0
2017-11-01,77.71,77.86,77.08,77.7,66.0677124548,4021840.0,0.0,1.0
2017-11-02,76.84,78.19,75.51,78.03,66.348308917,6519248.0,0.0,1.0
2017-11-03,77.87,78.19,77.57,78.0,66.32280014770001,4041871.0,0.0,1.0
2017-11-06,78.09,78.22,76.51,77.0,65.4725078381,4667796.0,0.0,1.0
2017-11-07,76.93,78.64,76.49,78.18,66.4758527634,3347109.0,0.0,1.0
2017-11-08,78.64,80.09,78.22,79.58,67.66626199689999,4012368.0,0.0,1.0
2017-11-09,79.26,79.9399,79.02,79.41,67.5217123042,3249835.0,0.0,1.0
2017-11-10,78.97,79.88,78.97,79.72,67.78530292020001,3367320.0,0.0,1.0
2017-11-13,79.66,80.37,79.6,79.85,67.8958409204,3174875.0,0.0,1.0
2017-11-14,79.54,79.88,79.03,79.38,67.4962035349,2786616.0,0.0,1.0
2017-11-15,79.49,79.89,78.57,78.78,66.9860281492,3243074.0,0.0,1.0
2017-11-16,78.72,80.16,78.5101,79.68,68.2827239213,3028937.0,0.625,1.0
2017-11-17,79.63,80.07,79.275,79.63,68.2398758265,4255187.0,0.0,1.0
2017-11-20,79.7,80.96,79.63,79.93,68.4969643955,3736690.0,0.0,1.0
2017-11-21,80.12,80.29,79.76,80.01,68.5655213472,2426553.0,0.0,1.0
2017-11-22,80.04,80.2,79.59,79.82,68.4026985868,2913964.0,0.0,1.0
2017-11-24,80.25,80.35,79.54,79.76,68.35128087300001,1144834.0,0.0,1.0
2017-11-27,79.76,80.04,79.45,79.61,68.2227365885,4535752.0,0.0,1.0
2017-11-28,79.7,79.86,78.715,78.98,67.6828505937,3090835.0,0.0,1.0
2017-11-29,78.95,81.56,78.83,81.09,69.4910401955,4044759.0,0.0,1.0
2017-11-30,81.44,82.18,80.5,81.37,69.7309895266,4404524.0,0.0,1.0
2017-12-01,80.95,81.6,80.29,81.21,69.5938756231,3354028.0,0.0,1.0
2017-12-04,81.32,82.29,81.165,81.92,70.2023185697,2825626.0,0.0,1.0
2017-12-05,82.05,82.48,80.51,80.64,69.10540734199999,3161201.0,0.0,1.0
2017-12-06,80.75,81.14,80.24,80.49,68.9768630575,2559574.0,0.0,1.0
2017-12-07,80.17,80.5,79.31,79.36,68.00849611439999,2388447.0,0.0,1.0
2017-12-08,79.6,79.706,77.935,78.48,67.2543696454,5263395.0,0.0,1.0
2017-12-11,78.18,78.39,77.19,78.37,67.1601038368,3810083.0,0.0,1.0
2017-12-12,78.33,79.09,78.12,78.95,67.6571417368,3088605.0,0.0,1.0
2017-12-13,79.25,79.6,78.77,79.28,67.9399391627,2938776.0,0.0,1.0
2017-12-14,79.28,79.7,78.87,78.98,67.6828505937,3291294.0,0.0,1.0
2017-12-15,79.8,79.83,79.01,79.54,68.1627492558,6197047.0,0.0,1.0
2017-12-18,79.98,80.36,79.29,79.37,68.0170657334,2630886.0,0.0,1.0
2017-12-19,79.52,79.82,78.39,78.52,67.2886481212,2872284.0,0.0,1.0
2017-12-20,78.81,78.89,77.32,77.38,66.3117115591,3683971.0,0.0,1.0
2017-12-21,77.84,78.17,77.07,77.88,66.7401925074,4313946.0,0.0,1.0
2017-12-22,78.14,78.6,77.88,78.24,67.0486987902,3081942.0,0.0,1.0
2017-12-26,78.12,78.47,78.0,78.11,66.9372937436,2524144.0,0.0,1.0
2017-12-27,78.24,78.6,77.95,77.98,66.8258886971,1721021.0,0.0,1.0
2017-12-28,78.22,78.29,77.72,77.92,66.7744709833,1824653.0,0.0,1.0
2017-12-29,77.7,78.68,77.69,77.76,66.6373570798,2381845.0,0.0,1.0
2018-01-02,78.22,78.31,76.88,77.02,66.00320527630001,3977956.0,0.0,1.0
2018-01-03,77.33,77.59,76.9,77.01,65.9946356574,3335092.0,0.0,1.0
2018-01-04,77.23,78.22,77.06,77.91,66.7659013643,3569053.0,0.0,1.0
2018-01-05,78.04,78.33,77.23,77.84,66.7059140316,4080990.0,0.0,1.0
2018-01-08,77.82,78.58,77.82,78.48,67.2543696454,3123885.0,0.0,1.0
2018-01-09,78.54,78.72,78.05,78.62,67.3743443109,3422597.0,0.0,1.0
2018-01-10,78.65,78.65,77.4,77.89,66.74876212640001,3641006.0,0.0,1.0
2018-01-11,78.02,78.2,77.02,77.13,66.097471085,3427499.0,0.0,1.0
2018-01-12,77.35,77.57,76.6,77.35,66.28600270220001,4195991.0,0.0,1.0
2018-01-16,77.97,78.92,77.56,78.64,67.3914835488,5255188.0,0.0,1.0
2018-01-17,79.11,80.67,78.79,80.07,68.61693906100001,6403742.0,0.0,1.0
2018-01-18,80.16,80.6,79.02,79.27,67.9313695437,3325289.0,0.0,1.0
2018-01-19,79.53,79.96,79.1,79.66,68.26558468340001,3693848.0,0.0,1.0
2018-01-22,79.82,80.45,79.76,80.17,68.70263525060001,3870050.0,0.0,1.0
2018-01-23,79.76,80.53,79.56,80.27,68.7883314403,2632162.0,0.0,1.0
2018-01-24,80.5,80.59,79.71,79.86,68.43697706270001,3067388.0,0.0,1.0
2018-01-25,80.0,80.445,79.382,79.67,68.27415430229999,2543321.0,0.0,1.0
2018-01-26,79.9,80.0,78.4,79.39,68.0342049713,4652916.0,0.0,1.0
2018-01-29,79.17,79.88,78.39,78.42,67.2029519316,3198449.0,0.0,1.0
2018-01-30,78.64,79.66,78.43,78.5,67.2715088833,3280443.0,0.0,1.0
2018-01-31,78.62,78.88,77.85,78.39,67.1772430747,4683847.0,0.0,1.0
2018-02-01,78.12,78.95,77.6,78.57,67.33149621609999,3089957.0,0.0,1.0
2018-02-02,78.12,78.34,76.65,77.19,66.1488887988,5165439.0,0.0,1.0
2018-02-05,77.29,77.939,74.175,74.26,63.6379904417,4416634.0,0.0,1.0
2018-02-06,73.84,74.32,72.05,74.31,63.6808385365,7331622.0,0.0,1.0
2018-02-07,73.84,74.71,73.52,73.55,63.02954749510001,6702526.0,0.0,1.0
2018-02-08,73.6,74.04,71.25,71.58,61.3413325588,7056679.0,0.0,1.0
2018-02-09,72.0,72.66,70.245,71.38,61.169940179499996,5989196.0,0.0,1.0
2018-02-12,71.52,72.63,71.45,71.81,61.538433795,4341375.0,0.0,1.0
2018-02-13,71.52,71.99,70.68,71.71,61.4527376054,3998489.0,0.0,1.0
2018-02-14,71.34,72.04,70.7,71.92,61.6326996037,5379896.0,0.0,1.0
2018-02-15,72.19,72.78,70.65,72.71,62.309699502,7347549.0,0.0,1.0
2018-02-16,69.94,71.25,67.65,70.8,60.6729022795,14643115.0,0.0,1.0
2018-02-20,70.78,70.8,68.02,68.69,58.864712677600004,8270052.0,0.0,1.0
2018-02-21,68.92,68.93,67.44,67.47,57.8192191638,6533929.0,0.0,1.0
2018-02-22,67.38,68.249,67.05,67.64,57.9649026862,5956791.0,0.0,1.0
2018-02-23,67.96,69.11,67.35,69.02,59.147510103500004,5442319.0,0.0,1.0
2018-02-26,69.6,70.0,68.56,69.74,59.764522669099996,7463338.0,0.0,1.0
2018-02-27,69.61,70.015,67.86,67.87,58.1620039224,5361340.0,0.0,1.0
2018-02-28,68.27,68.59,67.03,67.05,57.459295167200004,6121125.0,0.0,1.0
2018-03-01,67.14,67.98899999999999,66.36,66.89,57.32218126380001,5209561.0,0.0,1.0
2018-03-02,67.02,67.61,66.52,67.17,57.562130594799996,4820795.0,0.0,1.0
2018-03-05,66.72,67.73,66.72,67.43,57.7849406879,3910845.0,0.0,1.0
2018-03-06,67.7,67.87,67.23,67.77,58.0763077328,3539445.0,0.0,1.0
2018-03-07,67.35,67.59,66.73,67.46,57.81064954479999,3316451.0,0.0,1.0
2018-03-08,67.17,67.36,66.465,66.99,57.9434786388,3433052.0,0.625,1.0
2018-03-09,67.2,67.6,66.53,67.23,58.151068351800006,4887604.0,0.0,1.0
2018-03-12,67.26,67.89,67.1,67.7,58.5575982064,2635624.0,0.0,1.0
2018-03-13,67.84,67.95,67.16,67.37,58.272162351000006,3247660.0,0.0,1.0
2018-03-14,67.61,67.91,66.22,66.58,57.5888462124,3878512.0,0.0,1.0
2018-03-15,66.4,66.67,65.115,65.46,56.62009421850001,4857811.0,0.0,1.0
2018-03-16,65.45,65.84,64.94,65.36,56.5335985047,7004447.0,0.0,1.0
2018-03-19,65.18,65.36,63.58,63.95,55.3140089409,6818483.0,0.0,1.0
2018-03-20,64.03,64.21,62.82,63.18,54.647991945,7368488.0,0.0,1.0
2018-03-21,62.53,62.76,61.75,61.99,53.618692951499995,6941225.0,0.0,1.0
2018-03-22,61.73,61.96,60.49,60.53,52.3558555308,8030598.0,0.0,1.0
2018-03-23,60.73,61.657,59.95,60.03,51.923376962,6123183.0,0.0,1.0
2018-03-26,60.88,61.73,60.53,61.65,53.3246075247,5156049.0,0.0,1.0
2018-03-27,61.74,61.98,60.39,60.7,52.502898244099995,5074952.0,0.0,1.0
2018-03-28,60.84,61.96,60.75100000000001,61.37,53.0824195262,4778242.0,0.0,1.0
2018-03-29,61.79,62.62,61.685,62.29,53.878180092700006,5001881.0,0.0,1.0
2018-04-02,61.94,62.0,59.79,60.06,51.9493256762,5294234.0,0.0,1.0
2018-04-03,60.62,60.66,59.48,60.24,52.1050179609,6325261.0,0.0,1.0
2018-04-04,59.79,61.823,59.726000000000006,61.38,53.09106909760001,4764448.0,0.0,1.0
2018-04-05,61.7,61.9,60.95,61.31,53.030522098,4272661.0,0.0,1.0
2018-04-06,61.09,61.98,60.16,60.54,52.3645051021,3931975.0,0.0,1.0
2018-04-09,60.89,61.4,60.34,60.65,52.459650387299995,4669254.0,0.0,1.0
2018-04-10,61.65,61.82,60.62,61.25,52.978624669700004,4698408.0,0.0,1.0
2018-04-11,60.85,61.83,60.78,61.54,53.229462239600004,3852552.0,0.0,1.0
2018-04-12,61.53,61.705,60.78,60.94,52.7104879571,5145771.0,0.0,1.0
2018-04-13,61.07,61.13,60.49,60.92,52.693188814399996,3746048.0,0.0,1.0
2018-04-16,60.02,61.31,59.92,61.19,52.9267272415,5445991.0,0.0,1.0
2018-04-17,61.69,61.81,61.09,61.69,53.3592058102,4444054.0,0.0,1.0
2018-04-18,61.66,61.8,60.35,60.79,52.580744386499994,5525760.0,0.0,1.0
2018-04-19,60.75,60.89,59.63,59.73,51.6638898208,7461758.0,0.0,1.0
2018-04-20,59.85,60.158,57.55,58.22,50.3578045432,9765756.0,0.0,1.0
2018-04-23,58.0,58.19,57.41,57.68,49.890727688999995,7905132.0,0.0,1.0
2018-04-24,57.95,58.0,56.11,56.53,48.896026980900004,8266824.0,0.0,1.0
2018-04-25,56.52,57.4,56.29,56.85,49.1728132649,6766568.0,0.0,1.0
2018-04-26,57.03,57.466,56.51,57.33,49.5879926909,5147357.0,0.0,1.0
2018-04-27,57.43,58.26,57.36,57.66,49.873428546199996,4096136.0,0.0,1.0
2018-04-30,57.9,58.16,56.36,56.38,48.7662834103,6761579.0,0.0,1.0
2018-05-01,56.32,56.44,55.3,55.7,48.1781125568,6350226.0,0.0,1.0
2018-05-02,55.88,55.95,54.11,54.2,46.880676850600004,9045083.0,0.0,1.0
2018-05-03,56.27,56.4,54.94,54.95,47.5293947037,10380801.0,0.0,1.0
2018-05-04,55.0,58.45,54.69,58.01,50.1761635444,9221324.0,0.0,1.0
2018-05-07,58.5,59.245,58.19,58.83,50.8854283971,7337413.0,0.0,1.0
2018-05-08,58.69,59.13,57.62,58.76,50.8248813975,7163199.0,0.0,1.0
2018-05-09,58.94,59.32,58.09,58.48,50.58269339899999,5002321.0,0.0,1.0
2018-05-10,58.75,59.35,58.55,59.04,51.0670693959,3934204.0,0.0,1.0
2018-05-11,58.97,59.86,58.97,59.24,51.2400608234,3980257.0,0.0,1.0
2018-05-14,59.37,59.6,58.92,59.28,51.2746591089,4228669.0,0.0,1.0
2018-05-15,59.16,59.49,58.62,59.04,51.0670693959,5662579.0,0.0,1.0
2018-05-16,59.06,59.32,58.53,59.29,51.283308680299996,4334020.0,0.0,1.0
2018-05-17,58.72,58.84,57.72,58.06,50.7600096121,4694109.0,0.625,1.0
2018-05-18,57.61,57.66,55.715,56.79,49.6496890436,9528961.0,0.0,1.0
2018-05-21,57.0,57.35,56.202,56.45,49.3524378678,4588290.0,0.0,1.0
2018-05-22,56.58,57.256,56.21,56.58,49.4660927292,4179549.0,0.0,1.0
2018-05-23,56.3,57.08,56.3,56.98,49.815799994799995,3134890.0,0.0,1.0
2018-05-24,57.0,57.16,56.38,57.06,49.88574144800001,2750630.0,0.0,1.0
2018-05-25,57.12,58.12,57.1,57.77,50.5064718445,3296003.0,0.0,1.0
2018-05-29,57.57,57.86,56.94,57.4,50.182992623800004,4231433.0,0.0,1.0
2018-05-30,57.65,59.06,57.44,58.84,51.441938780200005,5587263.0,0.0,1.0
2018-05-31,58.79,58.94,57.15,57.48,50.2529340769,6787367.0,0.0,1.0
2018-06-01,57.64,58.18,57.28,57.65,50.4015596648,4745573.0,0.0,1.0
2018-06-04,57.85,58.66,57.75,58.42,51.074746151199996,3626342.0,0.0,1.0
2018-06-05,58.78,58.792,57.667,57.92,50.6376120692,4920252.0,0.0,1.0
2018-06-06,58.09,58.09,57.01,57.92,50.6376120692,4826824.0,0.0,1.0
2018-06-07,57.51,58.16,57.07,57.67,50.4190450281,4501767.0,0.0,1.0
2018-06-08,57.79,58.59,57.67,58.47,51.118459559499996,4266701.0,0.0,1.0
2018-06-11,58.6,60.14,58.58,59.88,52.3511776709,5252022.0,0.0,1.0
2018-06-12,60.23,60.65,59.29,60.12,52.561002030299996,4309335.0,0.0,1.0
2018-06-13,60.36,60.68,59.65,60.1,52.5435166671,3477913.0,0.0,1.0
2018-06-14,60.39,61.01,59.94,60.67,53.0418495206,3572735.0,0.0,1.0
2018-06-15,60.81,61.64,60.39,61.61,53.863661595,7616366.0,0.0,1.0
2018-06-18,61.43,62.65,60.47,60.87,53.216703153500006,4491278.0,0.0,1.0
2018-06-19,60.59,62.27,60.5,62.14,54.327023722,5974347.0,0.0,1.0
2018-06-20,62.27,63.34,62.0,63.04,55.11386506970001,6027638.0,0.0,1.0
2018-06-21,63.05,63.2,62.25,62.57,54.7029590326,4955968.0,0.0,1.0
2018-06-22,62.81,63.45,62.66,63.21,55.262490657700006,4247154.0,0.0,1.0
2018-06-25,62.85,64.54,62.82,63.32,55.358660155699994,4976504.0,0.0,1.0
2018-06-26,63.58,63.61,62.35,63.21,55.262490657700006,4190412.0,0.0,1.0
2018-06-27,62.99,63.815,62.51,62.69,54.80787121229999,3250094.0,0.0,1.0
2018-06-28,62.84,63.32,62.505,62.65,54.7729004857,3688044.0,0.0,1.0
2018-06-29,62.91,63.23,62.13,62.82,54.9215260736,3812514.0,0.0,1.0
2018-07-02,62.5,62.59,61.52,62.09,54.2833103138,3666571.0,0.0,1.0
2018-07-03,62.33,63.13,62.33,62.64,54.7641578041,1673997.0,0.0,1.0
2018-07-05,63.28,64.0,62.64,63.95,55.9094490991,2834472.0,0.0,1.0
2018-07-06,64.0,64.62,63.67,64.43,56.329097818,3329977.0,0.0,1.0
2018-07-09,64.65,64.75,63.62,63.97,55.9269344624,3079892.0,0.0,1.0
2018-07-10,64.34,64.34,63.33,64.0,55.953162507399995,3112931.0,0.0,1.0
2018-07-11,63.91,64.28,63.51,63.74,55.7258527847,2520903.0,0.0,1.0
2018-07-12,63.93,64.05,63.29,63.64,55.6384259683,2659873.0,0.0,1.0
2018-07-13,63.64,64.59,63.5,63.85,55.822022282700004,3997874.0,0.0,1.0
2018-07-16,63.89,63.99,62.59,62.64,54.7641578041,4164898.0,0.0,1.0
2018-07-17,62.64,63.38,62.55,63.05,55.122607751400004,5032274.0,0.0,1.0
2018-07-18,63.05,63.18,61.54,61.59,53.8461762317,5196379.0,0.0,1.0
2018-07-19,61.31,62.01,60.88,61.34,53.627609190600005,6839523.0,0.0,1.0
2018-07-20,61.27,61.38,60.55,60.69,53.0593348839,5810265.0,0.0,1.0
2018-07-23,60.4,60.89,60.14,60.3,52.718370299899995,4857479.0,0.0,1.0
2018-07-24,60.3,60.47,59.15,59.67,52.167581356499994,6373973.0,0.0,1.0
2018-07-25,59.71,60.16,58.94,59.84,52.316206944399994,3714103.0,0.0,1.0
2018-07-26,60.72,61.7,60.23,60.48,52.8757385695,4082245.0,0.0,1.0
2018-07-27,60.6,61.049,59.887,60.26,52.6833995733,3771147.0,0.0,1.0
2018-07-30,60.1,60.62,59.82,60.28,52.7008849366,3743085.0,0.0,1.0
2018-07-31,60.61,61.17,60.01,60.25,52.6746568917,6484791.0,0.0,1.0
2018-08-01,60.0,60.1,59.25,59.28,51.826616772399994,4013221.0,0.0,1.0
2018-08-02,59.1,59.65,58.243,59.4,51.9315289521,6445079.0,0.0,1.0
2018-08-03,61.0,64.99,60.38,64.48,56.3728112262,16199736.0,0.0,1.0
2018-08-06,63.85,64.12,62.15,62.3,54.4669066283,7453157.0,0.0,1.0
2018-08-07,62.5,62.54,61.075,61.32,53.610123827399995,6542422.0,0.0,1.0
2018-08-08,60.08,60.85,59.5,60.28,52.7008849366,11053861.0,0.0,1.0
2018-08-09,60.42,60.62,59.68,60.0,52.4560898506,6569045.0,0.0,1.0
2018-08-10,59.76,60.0,59.1,59.65,52.1500959932,5118029.0,0.0,1.0
2018-08-13,59.48,59.71,58.83,59.28,51.826616772399994,5791572.0,0.0,1.0
2018-08-14,59.5,60.06,59.43,59.52,52.036441131800004,4439867.0,0.0,1.0
2018-08-15,59.56,59.58,58.98,59.09,51.6605058212,5299729.0,0.0,1.0
2018-08-16,58.97,60.15,58.83,60.03,53.0287354982,6262302.0,0.625,1.0
2018-08-17,60.3,61.31,59.77,61.02,53.9032723655,6417202.0,0.0,1.0
2018-08-20,61.03,61.681999999999995,60.61,60.64,53.567591547700005,4646952.0,0.0,1.0
2018-08-21,60.75,60.75,59.59,59.84,52.8608950893,4849817.0,0.0,1.0
2018-08-22,59.98,60.1,59.34,59.55,52.6047176231,3224914.0,0.0,1.0
2018-08-23,59.26,59.49,58.75,58.8,51.9421896934,5179974.0,0.0,1.0
2018-08-24,58.92,59.42,58.76,59.03,52.145364925200006,4513226.0,0.0,1.0
2018-08-27,59.35,59.87,59.18,59.57,52.6223850346,3496839.0,0.0,1.0
2018-08-28,59.51,59.87,58.79,58.79,51.9333559876,4293647.0,0.0,1.0
2018-08-29,58.9,59.37,58.56,59.3,52.3838749799,5188911.0,0.0,1.0
2018-08-30,59.13,59.57,58.165,58.22,51.429834761,5063766.0,0.0,1.0
2018-08-31,58.355,58.57,57.63,58.27,51.4740032897,5520295.0,0.0,1.0
2018-09-04,58.45,58.62,56.55,56.66,50.0517766671,6918716.0,0.0,1.0
2018-09-05,56.65,57.714,56.29,57.0,50.3521226619,7064232.0,0.0,1.0
2018-09-06,57.04,57.25,56.06,56.8,50.17544854729999,8822067.0,0.0,1.0
2018-09-07,56.69,56.72,56.17,56.59,49.989940727,6815922.0,0.0,1.0
2018-09-10,56.9,57.48,56.81,57.24,50.5641315995,8285305.0,0.0,1.0
2018-09-11,57.35,57.865,56.69,57.76,51.023484297399996,7617593.0,0.0,1.0
2018-09-12,58.23,59.53,57.8,59.12,52.2248682767,6699039.0,0.0,1.0
2018-09-13,59.25,59.91,58.9,59.49,52.5517153888,5891457.0,0.0,1.0
2018-09-14,59.3,59.358999999999995,58.6,58.97,52.0923626908,3953667.0,0.0,1.0
2018-09-17,58.02,58.49,57.7,58.35,51.5446729355,7494176.0,0.0,1.0
2018-09-18,57.85,58.05,56.38,57.1,50.4404597192,7285059.0,0.0,1.0
2018-09-19,57.32,57.45,56.82,56.89,50.2549518989,5079455.0,0.0,1.0
2018-09-20,57.28,57.943999999999996,57.22,57.57,50.8556438886,5364624.0,0.0,1.0
2018-09-21,57.93,57.94,57.05,57.12,50.4581271307,11543608.0,0.0,1.0
2018-09-24,57.0,57.3,56.235,56.52,49.92810478689999,4728990.0,0.0,1.0
2018-09-25,56.65,56.843,55.6,55.66,49.1684060941,3813163.0,0.0,1.0
2018-09-26,55.91,55.92,55.07,55.17,48.7355545133,5436472.0,0.0,1.0
2018-09-27,55.11,55.775,54.32,55.04,48.6207163388,7881934.0,0.0,1.0
2018-09-28,54.98,55.44,54.4,55.11,48.682552278900005,6505421.0,0.0,1.0
2018-10-01,55.49,55.935,55.225,55.54,49.0624016253,6208752.0,0.0,1.0
2018-10-02,55.57,56.29,55.46,55.93,49.4069161488,3930179.0,0.0,1.0
2018-10-03,56.07,56.5,55.38,55.6,49.1154038597,5395105.0,0.0,1.0
2018-10-04,55.45,55.88,55.14,55.52,49.0447342139,4349467.0,0.0,1.0
2018-10-05,55.7,56.04,55.23,55.89,49.3715813259,4163571.0,0.0,1.0
2018-10-08,55.85,57.31,55.85,57.06,50.4051248963,6060801.0,0.0,1.0
2018-10-09,57.3,57.48,55.59,56.07,49.53058802899999,8537001.0,0.0,1.0
2018-10-10,55.81,57.03,55.73,55.74,49.239075739899995,7799572.0,0.0,1.0
2018-10-11,55.97,56.23,53.57,53.82,47.543004239700004,9595054.0,0.0,1.0
2018-10-12,53.94,54.43,53.03,54.24,47.9140198804,9452465.0,0.0,1.0
2018-10-15,54.05,54.96,54.05,54.47,48.1171951122,4829751.0,0.0,1.0
2018-10-16,54.71,55.66,54.49,55.44,48.974064568,4813771.0,0.0,1.0
2018-10-17,55.41,57.02,55.3,56.4,49.822100318100006,7094427.0,0.0,1.0
2018-10-18,56.41,56.92,55.43,55.54,49.0624016253,6075358.0,0.0,1.0
2018-10-19,56.15,57.755,56.1,57.56,50.8468101828,8880707.0,0.0,1.0
2018-10-22,57.66,58.08,56.09,56.21,49.6542599093,7390050.0,0.0,1.0
2018-10-23,56.2,56.861000000000004,55.53,56.6,49.9987744327,6428994.0,0.0,1.0
2018-10-24,56.42,57.38,55.705,55.78,49.2744105629,5833760.0,0.0,1.0
2018-10-25,55.76,56.54,55.34,55.98,49.4510846775,5712758.0,0.0,1.0
2018-10-26,55.51,55.58,54.3,54.65,48.2762018154,6480040.0,0.0,1.0
2018-10-29,55.17,56.11,54.72,55.52,49.0447342139,6301821.0,0.0,1.0
2018-10-30,55.62,56.43,55.33,55.85,49.33624650300001,6015527.0,0.0,1.0
2018-10-31,55.5,55.545,53.77,54.97,48.5588803987,8888135.0,0.0,1.0
2018-11-01,55.13,56.5,54.61,56.2,49.6454262035,7427665.0,0.0,1.0
2018-11-02,52.25,52.52,50.411,50.73,44.8133891691,22310566.0,0.0,1.0
2018-11-05,51.07,53.0,51.04,52.39,46.279784320299996,10481690.0,0.0,1.0
2018-11-06,52.77,53.72,52.43,53.46,47.2249908335,6724080.0,0.0,1.0
2018-11-07,53.85,54.03,52.9,53.55,47.304494185,5379443.0,0.0,1.0
2018-11-08,53.25,53.6,52.94,53.31,47.0924852475,5031774.0,0.0,1.0
2018-11-09,53.36,54.145,53.07,53.99,47.693177237200004,5712966.0,0.0,1.0
2018-11-12,54.03,54.87,53.51,53.67,47.4104986538,5540876.0,0.0,1.0
2018-11-13,53.75,54.27,52.98,53.38,47.154321187600004,5511415.0,0.0,1.0
2018-11-14,53.43,53.56,52.17,52.64,46.5006269636,5601595.0,0.0,1.0
2018-11-15,52.0,52.27,51.45,51.99,46.4785426993,6902871.0,0.625,1.0
2018-11-16,52.01,52.9,51.77,52.08,46.5590018038,11004963.0,0.0,1.0
2018-11-19,51.97,52.74,51.73,51.89,46.3891436943,6378109.0,0.0,1.0
2018-11-20,52.05,52.365,50.71,50.94,45.539853146800006,5967146.0,0.0,1.0
2018-11-21,51.03,51.48,50.72,51.16,45.7365309578,4154976.0,0.0,1.0
2018-11-23,51.03,51.5,50.83,51.04,45.6292521518,2018748.0,0.0,1.0
2018-11-26,51.56,51.72,50.95,51.07,45.6560718533,4527182.0,0.0,1.0
2018-11-27,50.93,51.855,50.585,51.8,46.308684589799995,5269426.0,0.0,1.0
2018-11-28,51.32,51.41,50.62,51.18,45.7544107588,6212689.0,0.0,1.0
2018-11-29,50.96,51.655,50.83,51.19,45.7633506593,4840327.0,0.0,1.0
2018-11-30,51.11,51.29,50.78,51.12,45.7007713558,6402431.0,0.0,1.0
2018-12-03,51.4,51.66,50.88,51.42,45.9689683708,5848836.0,0.0,1.0
2018-12-04,51.4,51.69,49.86,49.98,44.6816226988,6460007.0,0.0,1.0
2018-12-06,50.0,50.23,48.52,49.52,44.2703872758,8413257.0,0.0,1.0
2018-12-07,49.4,49.945,48.515,48.71,43.546255335299996,5152565.0,0.0,1.0
2018-12-10,48.86,49.0,47.19,48.27,43.1528997133,7708815.0,0.0,1.0
2018-12-11,48.71,49.31,48.13,48.38,43.2512386188,6550153.0,0.0,1.0
2018-12-12,48.95,49.17,48.23,48.26,43.1439598128,7351739.0,0.0,1.0
2018-12-13,48.37,48.632,48.0,48.47,43.331697723299996,4683563.0,0.0,1.0
2018-12-14,48.36,48.45,47.373999999999995,47.46,42.4287677728,5653409.0,0.0,1.0
2018-12-17,47.5,47.9853,46.37,46.82,41.8566141408,7994359.0,0.0,1.0
2018-12-18,46.98,47.24,45.88,46.15,41.2576408073,7852610.0,0.0,1.0
2018-12-19,46.5,46.88,44.87,45.09,40.310011354299995,11399291.0,0.0,1.0
2018-12-20,45.08,45.48,44.42,44.85,40.0954537423,11469370.0,0.0,1.0
2018-12-21,45.05,45.9,43.94600000000001,44.05,39.3802617023,13229947.0,0.0,1.0
2018-12-24,44.06,44.22,42.44,42.54,38.0303367268,5241119.0,0.0,1.0
2018-12-26,42.66,43.29,41.6,43.29,38.7008292643,9547054.0,0.0,1.0
2018-12-27,43.22,43.79,42.28,43.76,39.1210045878,9021976.0,0.0,1.0
2018-12-28,43.89,44.55,43.39,43.57,38.9511464783,8317858.0,0.0,1.0
2018-12-31,42.91,43.42,42.34,43.04,38.4773317518,9205995.0,0.0,1.0
2019-01-02,42.75,43.72,42.285,43.34,38.7455287668,6417820.0,0.0,1.0
2019-01-03,43.15,43.88,42.98,43.31,38.718709065300004,7613521.0,0.0,1.0
2019-01-04,44.08,44.64,43.5,44.49,39.7736173243,6452860.0,0.0,1.0
2019-01-07,44.49,45.71,44.01,45.33,40.5245689663,6711375.0,0.0,1.0
2019-01-08,45.61,45.733999999999995,45.04,45.37,40.5603285683,8308199.0,0.0,1.0
2019-01-09,45.31,45.47,44.77,45.13,40.3457709563,6628780.0,0.0,1.0
2019-01-10,45.15,45.67,44.79,45.6,40.7659462798,6153294.0,0.0,1.0
2019-01-11,45.79,45.868,44.785,45.61,40.7748861803,4879418.0,0.0,1.0
2019-01-14,45.57,46.42,45.44,46.25,41.3470398123,7977330.0,0.0,1.0
2019-01-15,46.66,46.92,46.24,46.91,41.9370732453,6086865.0,0.0,1.0
2019-01-16,47.0,47.34,46.64,46.84,41.8744939418,8449409.0,0.0,1.0
2019-01-17,46.92,47.1,46.31,47.08,42.089051553800005,7364262.0,0.0,1.0
2019-01-18,47.42,47.8,47.0,47.53,42.4913470763,6140436.0,0.0,1.0
2019-01-22,47.84,47.9,46.51,47.28,42.2678495638,6959790.0,0.0,1.0
2019-01-23,47.53,47.7,46.58,47.06,42.071171752800005,5213917.0,0.0,1.0
2019-01-24,46.58,47.075,46.4,46.54,41.6062969268,6062989.0,0.0,1.0
2019-01-25,46.84,47.24,46.66,46.75,41.7940348373,5422272.0,0.0,1.0
2019-01-28,46.78,47.11,46.06,46.9,41.9281333448,6545812.0,0.0,1.0
2019-01-29,47.04,47.26,46.41,46.88,41.9102535438,4440538.0,0.0,1.0
2019-01-30,47.0,47.14,46.52,46.75,41.7940348373,5414287.0,0.0,1.0
2019-01-31,46.97,48.1,46.94,48.06,42.9651618028,8319564.0,0.0,1.0
2019-02-01,48.14,48.24,47.525,47.76,42.6969647878,4740191.0,0.0,1.0
2019-02-04,47.82,47.98,47.39,47.73,42.6701450863,6251477.0,0.0,1.0
2019-02-05,47.62,48.16,47.46,48.14,43.0366810068,6145978.0,0.0,1.0
2019-02-06,47.95,48.07,47.485,47.69,42.6343854843,5012641.0,0.0,1.0
2019-02-07,47.07,47.69300000000001,46.82,47.23,42.223150061300004,9557299.0,0.0,1.0
2019-02-08,47.2,47.48,46.64,47.46,42.4287677728,5278614.0,0.0,1.0
2019-02-11,47.5,47.75,46.88,47.33,42.3125490663,5152524.0,0.0,1.0
2019-02-12,47.59,48.47,47.5,48.11,43.0098613053,5363896.0,0.0,1.0
2019-02-13,48.31,48.42,47.61,47.64,42.589685981799995,6021441.0,0.0,1.0
2019-02-14,47.48,47.66,46.89,47.34,42.3214889668,4390300.0,0.0,1.0
2019-02-15,47.82,48.09,47.34,47.62,42.571806180799996,5758792.0,0.0,1.0
2019-02-19,47.82,48.38,47.63,47.77,42.7059046883,7443915.0,0.0,1.0
2019-02-20,47.9,48.5,47.63,48.26,43.1439598128,7048921.0,0.0,1.0
2019-02-21,48.39,48.66,47.85,48.18,43.0724406088,10117886.0,0.0,1.0
2019-02-22,35.85,36.0,34.51,34.95,31.2449522473,135204821.0,0.0,1.0
2019-02-25,35.0,35.42,34.06,34.23,30.601279411300002,47394341.0,0.0,1.0
2019-02-26,34.24,34.51,33.04,33.12,29.6089504558,36361588.0,0.0,1.0
2019-02-27,33.15,33.25,32.05,32.2,28.7864796099,28284099.0,0.0,1.0
2019-02-28,32.42,33.64,31.82,33.19,29.671529759299997,39658275.0,0.0,1.0
2019-03-01,33.41,33.49,32.35,32.4,28.965277619899997,20796782.0,0.0,1.0
2019-03-04,32.9,33.55,32.77,33.23,29.70728936130001,19256654.0,0.0,1.0
2019-03-05,33.38,33.39,32.66,33.04,29.5374312519,13556299.0,0.0,1.0
2019-03-06,33.13,33.2,32.75,32.86,29.3765130429,8978630.0,0.0,1.0
2019-03-07,32.63,32.63,31.81,31.89,28.8669387144,15205615.0,0.4,1.0
2019-03-08,31.69,32.3,31.6,32.1,29.057031443400003,12460774.0,0.0,1.0
2019-03-11,31.99,32.19,31.651,32.17,29.1203956864,12449869.0,0.0,1.0
2019-03-12,32.2,32.42,31.855999999999998,31.99,28.9574590615,10361477.0,0.0,1.0
2019-03-13,32.07,32.31,31.9,32.3,29.238072137800003,8688648.0,0.0,1.0
2019-03-14,32.34,32.5,31.85,31.87,28.8488346449,8199867.0,0.0,1.0
2019-03-15,31.95,32.22,31.65,32.09,29.047979408699998,16511578.0,0.0,1.0
2019-03-18,31.8,32.1,31.53,32.03,28.9936672004,13719494.0,0.0,1.0
2019-03-19,31.97,32.48,31.88,32.13,29.084187547600003,10194508.0,0.0,1.0
2019-03-20,32.1,32.18,31.74,32.02,28.984615165700003,10093510.0,0.0,1.0
2019-03-21,32.04,32.85,31.92,32.75,29.6454137001,11186096.0,0.0,1.0
2019-03-22,32.83,32.85,32.19,32.29,29.229020103099998,12098265.0,0.0,1.0
2019-03-25,32.27,32.54,32.03,32.5,29.4191128321,7663468.0,0.0,1.0
2019-03-26,32.54,33.05,32.51,32.9,29.7811942208,7463956.0,0.0,1.0
2019-03-27,32.9,33.19,32.41,32.64,29.5458413182,8391927.0,0.0,1.0
2019-03-28,32.7,33.03,32.68,32.89,29.7721421861,6577181.0,0.0,1.0
2019-03-29,32.67,33.05,32.55,32.65,29.5548933529,8129951.0,0.0,1.0
2019-04-01,32.8,32.98,32.415,32.5,29.4191128321,7969117.0,0.0,1.0
2019-04-02,32.56,32.73,32.02,32.08,29.038927374,9343969.0,0.0,1.0
2019-04-03,32.24,32.36,32.02,32.25,29.1928119642,8431059.0,0.0,1.0
2019-04-04,32.3,32.79,32.11,32.69,29.5911014918,7574266.0,0.0,1.0
2019-04-05,32.69,33.2,32.62,33.17,30.025599158200002,8852429.0,0.0,1.0
2019-04-08,33.23,33.37,32.96,33.19,30.043703227600002,6571143.0,0.0,1.0
2019-04-09,33.16,33.23,32.85,32.95,29.8264543944,6398801.0,0.0,1.0
2019-04-10,32.98,33.07,32.7,32.98,29.853610498600002,6323826.0,0.0,1.0
2019-04-11,33.08,33.195,32.8,32.99,29.8626625333,6022207.0,0.0,1.0
2019-04-12,33.12,33.32,32.91,33.07,29.935078811,5278623.0,0.0,1.0
2019-04-15,33.09,33.18,32.84,33.14,29.998443054099997,5232895.0,0.0,1.0
2019-04-16,33.07,33.5,33.01,33.04,29.9079227069,4618159.0,0.0,1.0
2019-04-17,33.05,33.11,32.85,32.89,29.7721421861,6532709.0,0.0,1.0
2019-04-18,33.02,33.08,32.85,32.96,29.835506429099997,6834566.0,0.0,1.0
2019-04-22,33.53,33.78,32.81,32.9,29.7811942208,10441383.0,0.0,1.0
2019-04-23,32.93,33.175,32.85,33.1,29.9622349152,9615903.0,0.0,1.0
2019-04-24,32.86,32.9,32.329,32.76,29.6544657348,8443053.0,0.0,1.0
2019-04-25,32.67,32.74,32.44,32.52,29.4372169016,6196635.0,0.0,1.0
2019-04-26,32.7,33.1,32.575,33.06,29.926026776300002,6908573.0,0.0,1.0
2019-04-29,33.16,33.326,33.03,33.27,30.1161195054,5963378.0,0.0,1.0
2019-04-30,33.31,33.47,33.06,33.24,30.088963401199997,9694953.0,0.0,1.0
2019-05-01,33.2,33.57,32.93,32.99,29.8626625333,7407273.0,0.0,1.0
2019-05-02,32.7,32.83,31.82,32.18,29.1294477212,12276839.0,0.0,1.0
2019-05-03,32.35,32.66,32.035,32.58,29.491529109899997,6995841.0,0.0,1.0
2019-05-06,32.35,32.94,32.31,32.77,29.663517769499997,10303755.0,0.0,1.0
2019-05-07,32.63,32.96,32.2,32.5,29.4191128321,8719076.0,0.0,1.0
2019-05-08,32.5,32.62,32.26,32.43,29.3557485891,5778654.0,0.0,1.0
2019-05-09,32.3,32.64,31.97,32.58,29.491529109899997,6838933.0,0.0,1.0
2019-05-10,32.56,32.73,31.67,32.65,29.5548933529,9249981.0,0.0,1.0
2019-05-13,32.29,32.43,31.82,31.97,28.9393549921,7944095.0,0.0,1.0
2019-05-14,32.08,32.4,31.98,32.27,29.2109160336,7267284.0,0.0,1.0
2019-05-15,32.2,32.44,31.86,32.4,29.328592485,5743959.0,0.0,1.0
2019-05-16,32.37,32.73,32.29,32.46,29.3829046933,5135792.0,0.0,1.0
2019-05-17,32.41,32.87,32.205,32.53,29.4462689363,5852480.0,0.0,1.0
2019-05-20,32.32,32.36,31.64,31.79,28.776418367199998,9077194.0,0.0,1.0
2019-05-21,31.92,32.18,31.53,31.98,28.948407026799998,6531934.0,0.0,1.0
2019-05-22,31.98,32.11,31.705,31.88,28.8578866796,6141829.0,0.0,1.0
2019-05-23,31.71,31.76,31.2,31.45,28.468649186799997,7162307.0,0.0,1.0
2019-05-24,31.62,31.73,31.03,31.11,28.1608800064,8284098.0,0.0,1.0
2019-05-28,31.1,31.12,29.01,29.06,26.305212889299998,24476428.0,0.0,1.0
2019-05-29,28.89,28.95,28.43,28.68,25.96123557,13150583.0,0.0,1.0
2019-05-30,28.28,28.31,27.25,27.4,25.1646565149,15970486.0,0.4,1.0
2019-05-31,27.27,27.68,26.96,27.65,25.394261045100002,10453386.0,0.0,1.0
2019-06-03,27.68,28.49,27.67,28.42,26.101442998299998,12485500.0,0.0,1.0
2019-06-04,28.49,28.732,28.4,28.67,26.331047528499997,11999742.0,0.0,1.0
2019-06-05,28.85,28.85,28.27,28.47,26.147363904299997,12103181.0,0.0,1.0
2019-06-06,28.44,28.64,28.17,28.62,26.2851266225,9267439.0,0.0,1.0
2019-06-07,28.7,28.95,28.61,28.74,26.395336797,11638378.0,0.0,1.0
2019-06-10,30.1,30.5,29.85,30.31,27.8372532469,24143918.0,0.0,1.0
2019-06-11,30.3,30.35,29.8,30.24,27.7729639784,17107798.0,0.0,1.0
2019-06-12,30.21,30.37,29.97,30.13,27.6719379851,13485296.0,0.0,1.0
2019-06-13,30.1,30.68,30.1,30.41,27.929095059,10592283.0,0.0,1.0
2019-06-14,30.49,30.53,29.98,30.31,27.8372532469,11839699.0,0.0,1.0
2019-06-17,30.37,30.435,30.12,30.17,27.70867471,7957562.0,0.0,1.0
2019-06-18,30.43,30.49,30.12,30.27,27.8005165221,10298693.0,0.0,1.0
2019-06-19,30.17,31.005,30.11,30.96,28.4342250256,11185606.0,0.0,1.0
2019-06-20,31.15,31.365,30.92,31.13,28.5903561061,8706185.0,0.0,1.0
2019-06-21,31.11,31.5,30.791,31.48,28.911802448499998,12099027.0,0.0,1.0
2019-06-24,31.34,31.48,30.485,30.52,28.0301210523,10618435.0,0.0,1.0
2019-06-25,30.39,30.85,30.353,30.68,28.1770679517,7515204.0,0.0,1.0
2019-06-26,30.41,30.95,30.16,30.84,28.324014850999998,7541933.0,0.0,1.0
2019-06-27,30.68,30.83,30.55,30.77,28.2597255826,5051549.0,0.0,1.0
2019-06-28,30.9,31.07,30.68,31.04,28.5076984752,7589249.0,0.0,1.0
2019-07-01,31.26,31.44,30.33,30.46,27.975015965100003,8103551.0,0.0,1.0
2019-07-02,30.43,30.64,30.23,30.52,28.0301210523,8014901.0,0.0,1.0
2019-07-03,30.84,31.33,30.638,31.25,28.7005662806,7003052.0,0.0,1.0
2019-07-05,31.21,31.215,30.524,30.99,28.461777569200002,5234644.0,0.0,1.0
2019-07-08,30.99,31.05,30.58,30.69,28.186252132899998,4359979.0,0.0,1.0
2019-07-09,30.6,30.81,30.435,30.5,28.011752689899996,5011394.0,0.0,1.0
2019-07-10,30.6,31.35,30.58,31.3,28.7464871867,6607375.0,0.0,1.0
2019-07-11,31.43,31.58,30.61,30.65,28.1495154081,5846771.0,0.0,1.0
2019-07-12,30.65,30.92,30.55,30.8,28.2872781262,4348166.0,0.0,1.0
2019-07-15,30.87,30.92,30.56,30.68,28.1770679517,4572355.0,0.0,1.0
2019-07-16,30.68,30.745,30.24,30.32,27.8464374281,4747057.0,0.0,1.0
2019-07-17,30.39,30.52,30.26,30.44,27.956647602600004,3901457.0,0.0,1.0
2019-07-18,30.44,31.145,30.353,31.05,28.5168826564,6941027.0,0.0,1.0
2019-07-19,30.98,31.72,30.76,31.54,28.966907535700003,9416185.0,0.0,1.0
2019-07-22,31.58,31.84,31.31,31.49,28.920986629699996,7681451.0,0.0,1.0
2019-07-23,31.51,32.39,31.45,31.95,29.3434589653,6696285.0,0.0,1.0
2019-07-24,31.94,32.08,31.58,32.07,29.4536691398,7024541.0,0.0,1.0
2019-07-25,31.81,32.18,31.335,31.55,28.9760917169,5788133.0,0.0,1.0
2019-07-26,31.67,31.95,31.44,31.85,29.2516171532,3746233.0,0.0,1.0
2019-07-29,31.9,31.965,31.55,31.76,29.1689595223,4465057.0,0.0,1.0
2019-07-30,31.63,31.86,31.31,31.84,29.242432972,4081956.0,0.0,1.0
2019-07-31,31.87,32.26,31.465,32.01,29.3985640526,10875588.0,0.0,1.0
2019-08-01,32.1,33.25,31.63,32.53,29.876141475500003,10753303.0,0.0,1.0
2019-08-02,32.62,32.69,31.79,32.21,29.582247676799998,5842736.0,0.0,1.0
2019-08-05,31.77,31.94,31.22,31.44,28.875065723600002,9686223.0,0.0,1.0
2019-08-06,31.44,31.5,30.55,30.58,28.0852261396,8156726.0,0.0,1.0
2019-08-07,30.53,31.0,29.49,30.87,28.351567394699998,10723223.0,0.0,1.0
2019-08-08,26.73,28.24,26.05,28.22,25.917759374099997,44732461.0,0.0,1.0
2019-08-09,27.64,27.79,26.44,26.5,24.338080206,19595995.0,0.0,1.0
2019-08-12,26.5,26.6,25.74,26.29,24.1452124006,14773126.0,0.0,1.0
2019-08-13,26.12,26.666,25.95,25.96,23.842134420700003,16461295.0,0.0,1.0
2019-08-14,25.85,26.28,25.19,25.52,23.4380304474,14678747.0,0.0,1.0
2019-08-15,25.5,25.57800000000001,24.885,25.06,23.015558111799997,9975047.0,0.0,1.0
2019-08-16,25.2,25.65,25.101,25.41,23.337004454099997,10145402.0,0.0,1.0
2019-08-19,25.7,25.87,25.44,25.71,23.6125298904,6877826.0,0.0,1.0
2019-08-20,25.28,25.41,25.09,25.14,23.4563988098,6653498.0,0.4,1.0
2019-08-21,25.17,25.47,25.03,25.27,23.5776928371,5565271.0,0.0,1.0
2019-08-22,25.29,25.72,25.22,25.62,23.9042536797,7446172.0,0.0,1.0
2019-08-23,25.61,25.85,25.26,25.33,23.6336746958,7904246.0,0.0,1.0
2019-08-26,25.53,25.655,25.25,25.58,23.8669324406,7261833.0,0.0,1.0
2019-08-27,25.58,25.6,24.98,25.0,23.325774472800003,7216141.0,0.0,1.0
2019-08-28,24.96,25.27,24.86,25.17,23.4843897392,4064072.0,0.0,1.0
2019-08-29,25.41,25.56,25.3,25.33,23.6336746958,5969259.0,0.0,1.0
2019-08-30,25.53,25.81,25.41,25.52,23.810950581799997,6647908.0,0.0,1.0
2019-09-03,25.42,26.14,25.22,26.06,24.3147873104,8202156.0,0.0,1.0
2019-09-04,26.26,26.36,25.91,26.26,24.5013935062,6443053.0,0.0,1.0
2019-09-05,26.36,27.0,26.36,26.59,24.8092937293,7322633.0,0.0,1.0
2019-09-06,26.67,27.46,26.46,27.28,25.453085104699998,10224932.0,0.0,1.0
2019-09-09,27.32,28.16,27.25,28.08,26.1995098878,9061209.0,0.0,1.0
2019-09-10,28.1,28.97,28.08,28.96,27.0205771493,8596731.0,0.0,1.0
2019-09-11,29.11,29.68,28.78,29.28,27.3191470625,10297160.0,0.0,1.0
2019-09-12,29.57,29.71,28.98,29.03,27.085889317800003,7023976.0,0.0,1.0
2019-09-13,29.19,29.485,29.07,29.25,27.2911561332,5371456.0,0.0,1.0
2019-09-16,29.13,29.76,29.07,29.62,27.6363775954,6108656.0,0.0,1.0
2019-09-17,28.49,28.72,28.24,28.36,26.4607585619,25414006.0,0.0,1.0
2019-09-18,28.3,28.56,28.1,28.41,26.5074101109,9371913.0,0.0,1.0
2019-09-19,28.4,28.5,28.04,28.15,26.2648220564,8208016.0,0.0,1.0
2019-09-20,28.11,28.47,28.02,28.14,26.255491746599997,8951626.0,0.0,1.0
2019-09-23,28.2,28.28,27.925,28.2,26.3114736053,8759220.0,0.0,1.0
2019-09-24,28.21,28.26,27.685,27.93,26.059555240999998,7379169.0,0.0,1.0
2019-09-25,27.98,28.2,27.869,28.14,26.255491746599997,5958912.0,0.0,1.0
2019-09-26,28.2,28.29,27.89,28.01,26.134197719299998,6808569.0,0.0,1.0
2019-09-27,28.1,28.23,27.705,27.84,25.9755824529,5193735.0,0.0,1.0
2019-09-30,27.89,28.02,27.62,27.935,26.0642203959,4894725.0,0.0,1.0
2019-10-01,27.93,28.0,27.22,27.34,25.509066963400002,4788789.0,0.0,1.0
2019-10-02,27.21,27.24,26.27,26.55,24.7719724901,7178138.0,0.0,1.0
2019-10-03,26.49,26.56,25.97,26.54,24.762642180300002,5498499.0,0.0,1.0
2019-10-04,26.53,27.0,26.41,26.975,25.1685106561,3584163.0,0.0,1.0
2019-10-07,27.03,27.185,26.72,26.94,25.1358545719,4209546.0,0.0,1.0
2019-10-08,26.88,27.0,26.53,26.71,24.9212574467,5636490.0,0.0,1.0
2019-10-09,26.87,26.92,26.535,26.73,24.939918066300002,3813940.0,0.0,1.0
2019-10-10,26.79,27.066999999999997,26.715,26.94,25.1358545719,3676775.0,0.0,1.0
2019-10-11,27.03,27.32,26.97,27.08,25.266478908899998,9313817.0,0.0,1.0
2019-10-14,27.08,27.395,26.785,27.32,25.4904063439,4051597.0,0.0,1.0
2019-10-15,27.3,27.62,27.103,27.49,25.649021610300004,5055635.0,0.0,1.0
2019-10-16,27.52,27.82,27.385,27.44,25.6023700613,4088432.0,0.0,1.0
2019-10-17,27.5,27.82,27.28,27.77,25.9102702844,4348824.0,0.0,1.0
2019-10-18,27.83,28.165,27.6,27.61,25.760985327800004,5433573.0,0.0,1.0
2019-10-21,27.61,28.02,27.41,27.81,25.947591523499998,5091697.0,0.0,1.0
2019-10-22,27.83,28.57,27.53,28.5,26.591382899,6061407.0,0.0,1.0
2019-10-23,28.47,28.61,28.07,28.61,26.6940163067,6895601.0,0.0,1.0
2019-10-24,28.63,28.631,28.12,28.45,26.54473135,5087502.0,0.0,1.0
2019-10-25,28.42,28.585,28.21,28.38,26.47941918150001,3981699.0,0.0,1.0
2019-10-28,28.36,28.48,28.13,28.37,26.4700888717,5498453.0,0.0,1.0
2019-10-29,28.37,28.4,28.035,28.14,26.255491746599997,6071255.0,0.0,1.0
2019-10-30,28.1,28.68,27.94,28.5,26.591382899,9601502.0,0.0,1.0
2019-10-31,30.09,32.463,28.5,32.33,30.1648915482,38732497.0,0.0,1.0
2019-11-01,32.12,33.38,32.12,32.61,30.4261402223,15048818.0,0.0,1.0
2019-11-04,32.9,33.41,32.74,33.33,31.0979225271,9696386.0,0.0,1.0
2019-11-05,33.29,33.29,32.38,32.91,30.706049516,7719853.0,0.0,1.0
2019-11-06,33.14,33.43,32.97,33.14,30.92064664110001,7070337.0,0.0,1.0
2019-11-07,33.17,33.25,32.48,32.72,30.52877363,5570181.0,0.0,1.0
2019-11-08,32.76,32.91,32.5,32.85,30.6500676573,4423761.0,0.0,1.0
2019-11-11,32.89,32.89,32.575,32.76,30.5660948691,3764691.0,0.0,1.0
2019-11-12,32.71,33.22,32.58,32.98,30.771361684499997,5993295.0,0.0,1.0
2019-11-13,32.87,33.42,32.715,33.3,31.069931597800004,5240869.0,0.0,1.0
2019-11-14,32.49,32.49,30.61,30.96,29.259851498699998,14511454.0,0.4,1.0
2019-11-15,30.96,31.5,30.92,31.3,29.581180617199998,6952626.0,0.0,1.0
2019-11-18,31.24,31.3,30.41,31.01,29.3071057808,7257462.0,0.0,1.0
2019-11-19,31.11,31.493000000000002,31.03,31.3,29.581180617199998,6661560.0,0.0,1.0
2019-11-20,31.15,31.44,30.96,31.09,29.382712632199997,5271944.0,0.0,1.0
2019-11-21,31.0,31.0,30.16,30.24,28.579389835900002,8815514.0,0.0,1.0
2019-11-22,30.35,30.64,30.22,30.54,28.8629155287,4664783.0,0.0,1.0
2019-11-25,30.62,31.13,30.395,31.06,29.3543600629,7148662.0,0.0,1.0
2019-11-26,31.2,31.25,30.28,30.47,28.796759533699998,8847558.0,0.0,1.0
2019-11-27,30.71,30.85,30.325,30.37,28.7022509695,4408966.0,0.0,1.0
2019-11-29,30.32,30.56,30.16,30.5,28.825112103000002,2442201.0,0.0,1.0
2019-12-02,30.5,30.955,30.33,30.95,29.2504006422,5817999.0,0.0,1.0
2019-12-03,30.83,30.9,30.47,30.8,29.1086377958,5930200.0,0.0,1.0
2019-12-04,30.79,31.28,30.75,31.03,29.3260074937,5449204.0,0.0,1.0
2019-12-05,31.28,31.68,31.09,31.25,29.533926335100002,4607391.0,0.0,1.0
2019-12-06,31.28,31.35,30.95,31.09,29.382712632199997,6500270.0,0.0,1.0
2019-12-09,31.24,32.24,31.14,31.93,30.1765845721,8179619.0,0.0,1.0
2019-12-10,32.05,32.23,31.82,31.88,30.12933029,5544548.0,0.0,1.0
2019-12-11,31.94,32.125,31.59,31.6,29.86470631,5444466.0,0.0,1.0
2019-12-12,31.65,32.13,31.62,31.94,30.1860354285,5690620.0,0.0,1.0
2019-12-13,32.0,32.12,31.409000000000002,31.6,29.86470631,5174519.0,0.0,1.0
2019-12-16,31.76,32.0,31.55,31.74,29.9970183,4744684.0,0.0,1.0
2019-12-17,31.69,31.784000000000002,31.355,31.62,29.8836080229,6137791.0,0.0,1.0
2019-12-18,31.7,31.9,31.624000000000002,31.75,30.006469156399998,6318286.0,0.0,1.0
2019-12-19,31.86,32.11,31.61,31.9,30.1482320028,7941916.0,0.0,1.0
2019-12-20,32.03,32.25,31.78,32.22,30.450659408499998,12601861.0,0.0,1.0
2019-12-23,32.2,32.3,31.82,31.92,30.1671337157,6823649.0,0.0,1.0
2019-12-24,31.93,32.08,31.865,31.98,30.2238388542,1594422.0,0.0,1.0
2019-12-26,31.95,31.98,31.5,31.63,29.8930588793,3963067.0,0.0,1.0
2019-12-27,31.72,31.885,31.53,31.62,29.8836080229,4089697.0,0.0,1.0
2019-12-30,31.67,31.81,31.56,31.71,29.968665730700003,3856883.0,0.0,1.0
2019-12-31,31.7,32.315,31.54,32.13,30.3656017007,6070453.0,0.0,1.0
2020-01-02,32.29,32.42,31.5,31.61,29.8741571664,5898995.0,0.0,1.0
2020-01-03,31.5,31.65,31.22,31.24,29.52447547860001,5012887.0,0.0,1.0
2020-01-06,31.17,31.47,30.9,31.31,29.590631473600002,4715234.0,0.0,1.0
2020-01-07,31.25,31.285,30.51,30.76,29.070834370100002,7169265.0,0.0,1.0
2020-01-08,30.74,30.94,30.35,30.59,28.9101698109,5802948.0,0.0,1.0
2020-01-09,30.67,30.69,29.94,30.58,28.900718954400002,8939627.0,0.0,1.0
2020-01-10,30.59,30.874000000000002,30.57,30.7,29.0141292316,4578326.0,0.0,1.0
2020-01-13,30.91,31.175,30.7,31.16,29.4488686272,4229784.0,0.0,1.0
2020-01-14,31.13,31.75,31.12,31.73,29.9875674436,6794730.0,0.0,1.0
2020-01-15,31.69,31.96,31.54,31.6,29.86470631,4243831.0,0.0,1.0
2020-01-16,31.7,32.02,31.65,31.73,29.9875674436,3953080.0,0.0,1.0
2020-01-17,31.8,31.86,30.95,31.03,29.3260074937,6645608.0,0.0,1.0
2020-01-21,30.96,31.12,30.405,31.01,29.3071057808,7063184.0,0.0,1.0
2020-01-22,31.08,31.084,30.5,30.67,28.9857766623,4535145.0,0.0,1.0
2020-01-23,30.53,30.79,30.34,30.68,28.9952275187,4280605.0,0.0,1.0
2020-01-24,30.7,30.725,30.09,30.41,28.7400543952,5951451.0,0.0,1.0
2020-01-27,30.15,30.475,29.855,30.35,28.6833492566,5806077.0,0.0,1.0
2020-01-28,30.45,30.67,30.085,30.13,28.475430415199998,5645295.0,0.0,1.0
2020-01-29,30.11,30.11,29.595,29.62,27.993436737399996,9050750.0,0.0,1.0
2020-01-30,29.61,29.99,29.27,29.94,28.2958641431,6169792.0,0.0,1.0
2020-01-31,29.9,29.92,29.035,29.2,27.5965007675,8211775.0,0.0,1.0
2020-02-03,29.2,29.38,28.92,29.15,27.549246485300003,6306478.0,0.0,1.0
2020-02-04,29.5,29.62,29.09,29.15,27.549246485300003,7607108.0,0.0,1.0
2020-02-05,29.36,29.95,29.11,29.37,27.7571653267,9092771.0,0.0,1.0
2020-02-06,29.32,29.6,28.92,29.06,27.4641887775,6545174.0,0.0,1.0
2020-02-07,28.96,30.3,28.71,29.54,27.917829886,13268755.0,0.0,1.0
2020-02-10,29.65,29.85,29.4,29.69,28.0595927324,5775808.0,0.0,1.0
2020-02-11,29.89,30.15,29.62,30.01,28.3620201381,7123275.0,0.0,1.0
2020-02-12,30.17,30.55,29.945,30.04,28.390372707399997,8096348.0,0.0,1.0
2020-02-13,29.116,29.23,27.36,27.77,26.2450282984,37333642.0,0.0,1.0
2020-02-14,27.85,27.92,26.46,26.88,25.403902076399998,23915676.0,0.0,1.0
2020-02-18,26.77,27.45,26.3,27.33,25.829190615599998,16773852.0,0.0,1.0
2020-02-19,27.36,27.45300000000001,27.11,27.31,25.810288902699998,7948213.0,0.0,1.0
2020-02-20,27.27,27.778000000000002,27.15,27.42,25.914248323400003,7005929.0,0.0,1.0
2020-02-21,27.2,27.51,27.17,27.26,25.7630346206,6718677.0,0.0,1.0
2020-02-24,26.96,27.14,26.26,26.63,25.167630665700003,12622231.0,0.0,1.0
2020-02-25,26.62,26.7,25.75,26.07,24.638382705799998,11732219.0,0.0,1.0
2020-02-26,26.23,26.24,25.36,25.64,24.2319958794,11776008.0,0.0,1.0
2020-02-27,25.38,25.49,24.76,24.97,23.5987884988,14102751.0,0.0,1.0
2020-02-28,24.55,24.81,24.01,24.77,23.4097713702,16285171.0,0.0,1.0
2020-03-02,24.75,26.08,24.57,26.07,24.638382705799998,14470769.0,0.0,1.0
2020-03-03,26.0,26.52,25.255,25.5,24.0996838894,11011413.0,0.0,1.0
2020-03-04,25.93,26.48,25.6,26.45,24.99751525,8588069.0,0.0,1.0
2020-03-05,25.83,26.75,25.73,26.65,25.1865323785,12581875.0,0.0,1.0
2020-03-06,25.66,26.39,25.62,26.03,24.600579280100003,8694622.0,0.0,1.0
2020-03-09,24.08,24.7,23.67,23.96,22.6442519996,16231355.0,0.0,1.0
2020-03-10,24.67,24.89,23.49,24.5,23.1545982467,12339187.0,0.0,1.0
2020-03-11,23.91,24.24,23.305,23.66,22.360726306799997,11766366.0,0.0,1.0
2020-03-12,21.9,22.07,20.04,20.06,19.3364522501,15386409.0,0.4,1.0
2020-03-13,21.24,23.99,20.7,23.97,23.1054217565,15014303.0,0.0,1.0
2020-03-16,20.9,23.57,19.99,22.02,21.2257566574,14821499.0,0.0,1.0
2020-03-17,22.21,23.91,20.84,23.83,22.9704714417,12594405.0,0.0,1.0
2020-03-18,22.34,24.0,21.928,23.69,22.8355211269,11802373.0,0.0,1.0
2020-03-19,23.16,23.56,21.92,22.28,21.4763786706,12585331.0,0.0,1.0
2020-03-20,22.45,23.24,21.78,22.28,21.4763786706,12908278.0,0.0,1.0
2020-03-23,22.29,23.3,20.67,20.77,20.0208431323,14829329.0,0.0,1.0
2020-03-24,21.79,23.365,21.53,22.99,22.1607695528,11706222.0,0.0,1.0
2020-03-25,23.39,24.32,22.88,22.96,22.131851628200003,15683084.0,0.0,1.0
2020-03-26,23.24,27.38,22.98,24.77,23.8765664125,12902959.0,0.0,1.0
2020-03-27,24.0,25.18,23.61,24.24,23.365683077899998,8529411.0,0.0,1.0
2020-03-30,24.64,25.3,24.04,25.17,24.262138740500003,8008412.0,0.0,1.0
2020-03-31,25.11,25.49,24.395,24.74,23.8476484879,7038558.0,0.0,1.0
2020-04-01,24.02,24.385,23.5,23.68,22.825881818699997,6098568.0,0.0,1.0
2020-04-02,23.48,24.79,23.36,24.64,23.7512554059,7376739.0,0.0,1.0
2020-04-03,24.39,25.475,24.39,25.32,24.406728363499997,9217814.0,0.0,1.0
2020-04-06,26.0,26.12,25.56,25.91,24.975447547399998,7757489.0,0.0,1.0
2020-04-07,26.97,27.48,26.04,26.61,25.6501991214,12177923.0,0.0,1.0
2020-04-08,26.75,27.5,26.61,27.32,26.334590003600002,7458640.0,0.0,1.0
2020-04-09,27.35,28.495,27.35,28.11,27.0960953514,11111944.0,0.0,1.0
2020-04-13,27.9,28.175,27.34,27.93,26.92258780380001,6711481.0,0.0,1.0
2020-04-14,28.09,28.675,27.93,28.45,27.423831830300003,6668611.0,0.0,1.0
2020-04-15,28.0,28.09,27.41,28.05,27.0382595022,6209947.0,0.0,1.0
2020-04-16,28.5,29.41,28.2,29.23,28.1756978699,9265982.0,0.0,1.0
2020-04-17,29.12,29.49,28.645,29.33,28.2720909519,8131573.0,0.0,1.0
2020-04-20,28.98,29.8,28.88,29.17,28.117862020700002,6184195.0,0.0,1.0
2020-04-21,28.93,29.13,28.31,28.47,27.4431104467,6143323.0,0.0,1.0
2020-04-22,28.83,28.94,28.45,28.76,27.7226503845,4638680.0,0.0,1.0
2020-04-23,28.62,29.05,28.46,28.53,27.5009462959,4418311.0,0.0,1.0
2020-04-24,28.59,29.335,28.59,29.23,28.1756978699,7276615.0,0.0,1.0
2020-04-27,29.5,30.25,29.35,30.19,29.1010714571,7071578.0,0.0,1.0
2020-04-28,30.48,30.77,30.055,30.43,29.332414854,6920866.0,0.0,1.0
2020-04-29,30.54,31.035,30.17,30.53,29.428807936,7681065.0,0.0,1.0
2020-04-30,30.13,30.89,29.53,30.33,29.2360217719,10035202.0,0.0,1.0
2020-05-01,29.99,30.24,29.15,29.38,28.3202874929,6200699.0,0.0,1.0
2020-05-04,29.14,29.24,28.45,28.93,27.8865186239,6663073.0,0.0,1.0
2020-05-05,29.0,29.485,28.86,28.94,27.8961579321,7385589.0,0.0,1.0
2020-05-06,29.14,29.57,28.88,29.4,28.339566109299998,6163208.0,0.0,1.0
2020-05-07,29.58,29.72,28.73,28.83,27.7901255419,4935372.0,0.0,1.0
2020-05-08,29.09,29.665,28.93,29.56,28.4937950405,5297448.0,0.0,1.0
2020-05-11,29.31,29.575,29.26,29.33,28.2720909519,3929889.0,0.0,1.0
2020-05-12,29.34,29.78,29.34,29.38,28.3202874929,4700634.0,0.0,1.0
2020-05-13,29.44,29.52,28.48,28.76,27.7226503845,6637578.0,0.0,1.0
2020-05-14,28.5,28.935,28.12,28.8,27.7612076173,4866676.0,0.0,1.0
2020-05-15,28.71,29.32,28.56,29.2,28.1467799453,5349472.0,0.0,1.0
2020-05-18,30.06,31.14,29.95,30.87,29.7565444148,12873387.0,0.0,1.0
2020-05-19,30.82,30.93,29.9,29.91,28.8311708275,6538462.0,0.0,1.0
2020-05-20,30.15,30.48,29.98,30.24,29.1492679981,4609450.0,0.0,1.0
2020-05-21,30.06,30.11,29.59,29.71,28.6383846635,4119762.0,0.0,1.0
2020-05-22,29.57,29.99,29.56,29.95,28.8697280603,3283572.0,0.0,1.0
2020-05-26,30.36,30.735,30.14,30.215,29.125169727600003,5977762.0,0.0,1.0
2020-05-27,30.36,31.06,30.27,31.03,29.910773346,5170637.0,0.0,1.0
2020-05-28,30.62,30.75,30.26,30.39,29.6794299492,3711260.0,0.4,1.0
2020-05-29,30.27,30.59,29.77,30.47,29.7575594127,6856530.0,0.0,1.0
2020-06-01,30.5,30.78,30.32,30.425,29.713611589499997,5396581.0,0.0,1.0
2020-06-02,30.49,31.46,30.42,31.43,30.6951129747,7215385.0,0.0,1.0
2020-06-03,31.5,31.83,31.28,31.31,30.5779187795,5623100.0,0.0,1.0
2020-06-04,30.974,31.5,30.82,31.49,30.753710072399997,6156990.0,0.0,1.0
2020-06-05,31.73,32.64,31.69,32.62,31.8572887444,19534461.0,0.0,1.0
2020-06-08,32.54,34.0,32.51,33.97,33.175723441,11939473.0,0.0,1.0
2020-06-09,33.3,33.5,32.74,33.1,32.3260655254,5874886.0,0.0,1.0
2020-06-10,33.09,33.19,32.4,32.5,31.7400945491,5541170.0,0.0,1.0
2020-06-11,31.72,31.91,31.14,31.18,30.4509584013,6965428.0,0.0,1.0
2020-06-12,31.79,31.98,31.23,31.8,31.056461743499998,5437068.0,0.0,1.0
2020-06-15,31.26,32.12,30.99,32.12,31.3689795975,5016832.0,0.0,1.0
2020-06-16,32.58,32.9,32.02,32.73,31.9647167567,5834174.0,0.0,1.0
2020-06-17,32.92,33.38,32.76,32.8,32.0330800373,5047597.0,0.0,1.0
2020-06-18,32.61,33.2,32.5,33.18,32.404194988899995,3839667.0,0.0,1.0
2020-06-19,33.25,33.7,33.07,33.48,32.6971804771,9231532.0,0.0,1.0
2020-06-22,33.07,33.37,32.8,33.15,32.3748964401,6773039.0,0.0,1.0
2020-06-23,33.2,33.376999999999995,32.305,32.4,31.642432719699997,7113854.0,0.0,1.0
2020-06-24,32.25,32.315,31.67,32.13,31.3787457804,5962643.0,0.0,1.0
2020-06-25,31.95,32.07,31.51,31.88,31.134591207,4871085.0,0.0,1.0
2020-06-26,31.89,31.89,30.8,30.9,30.177505279000002,7294212.0,0.0,1.0
2020-06-29,31.0,31.71,31.0,31.64,30.9002028164,5010733.0,0.0,1.0
2020-06-30,31.64,32.05,31.499000000000002,31.89,31.144357389899998,5854087.0,0.0,1.0
2020-07-01,31.93,32.03,31.485,31.67,30.929501365300002,4484316.0,0.0,1.0
2020-07-02,31.95,32.21,31.73,31.81,31.0662279264,4285406.0,0.0,1.0
2020-07-06,32.08,32.34,31.85,32.0,31.2517854022,4839438.0,0.0,1.0
2020-07-07,31.79,32.275,31.78,32.05,31.3006163169,5106941.0,0.0,1.0
2020-07-08,32.04,32.16,31.48,31.86,31.1150588411,3668878.0,0.0,1.0
2020-07-09,31.64,31.755,31.16,31.37,30.6365158771,3733082.0,0.0,1.0
2020-07-10,31.35,32.31,31.35,32.28,31.525238524499997,5302720.0,0.0,1.0
2020-07-13,32.51,32.95,32.18,32.51,31.7498607321,6236250.0,0.0,1.0
2020-07-14,32.3,33.435,32.28,33.31,32.5311553671,7868115.0,0.0,1.0
2020-07-15,33.5,33.5,33.05,33.15,32.3748964401,5105651.0,0.0,1.0
2020-07-16,33.57,34.69,33.44,34.4,33.595669307399994,9726573.0,0.0,1.0
2020-07-17,34.61,35.19,34.37,35.01,34.1914064666,8461117.0,0.0,1.0
2020-07-20,34.92,34.92,33.91,34.12,33.322216185100004,6492911.0,0.0,1.0
2020-07-21,34.36,34.89,34.27,34.53,33.7226296856,4571344.0,0.0,1.0
2020-07-22,34.65,34.96,34.28,34.9,34.083978454299995,4020080.0,0.0,1.0
2020-07-23,34.65,35.13,34.27,34.86,34.0449137225,6103794.0,0.0,1.0
2020-07-24,34.9,35.25,34.510999999999996,34.68,33.8691224297,4331505.0,0.0,1.0
2020-07-27,34.67,34.8875,34.49,34.84,34.0253813567,4244520.0,0.0,1.0
2020-07-28,34.76,35.39,34.76,35.25,34.4257948571,6037360.0,0.0,1.0
2020-07-29,35.55,35.87,35.4,35.57,34.738312711199995,6796304.0,0.0,1.0
2020-07-30,35.063,35.5,33.36,34.39,33.5859031244,12148733.0,0.0,1.0
2020-07-31,34.12,34.83,33.83,34.38,33.5761369415,11209466.0,0.0,1.0
2020-08-03,34.4742,35.05,34.25,34.79,33.976550442,6208030.0,0.0,1.0
2020-08-04,34.79,35.1399,34.38,35.08,34.2597697472,6284318.0,0.0,1.0
2020-08-05,35.15,35.23,34.65,34.78,33.966784259,3966378.0,0.0,1.0
2020-08-06,34.84,35.33,34.67,35.28,34.4550934059,5721621.0,0.0,1.0
2020-08-07,35.14,35.45,34.98,35.41,34.5820537841,4163516.0,0.0,1.0
2020-08-10,35.33,35.35,34.52,34.79,33.976550442,5966491.0,0.0,1.0
2020-08-11,35.0,35.25,34.49,34.63,33.820291515,4790788.0,0.0,1.0
2020-08-12,34.89,35.5,34.765,35.33,34.5039243206,4828945.0,0.0,1.0
2020-08-13,35.44,35.67,35.1333,35.57,34.738312711199995,5121471.0,0.0,1.0
2020-08-14,35.34,35.665,35.13,35.59,34.757845077,3107749.0,0.0,1.0
2020-08-17,35.68,36.3686,35.54,35.93,35.0898952969,6996194.0,0.0,1.0
2020-08-18,36.0,36.01,35.26,35.66,34.8262083576,4677850.0,0.0,1.0
2020-08-19,35.75,35.87,35.38,35.43,34.60158615,4002542.0,0.0,1.0
2020-08-20,35.26,35.31,34.73,34.85,34.0351475396,4553585.0,0.0,1.0
2020-08-21,34.77,34.9,34.3167,34.56,33.7519282344,4749803.0,0.0,1.0
2020-08-24,34.69,35.09,34.35,35.09,34.269535930100005,4229876.0,0.0,1.0
2020-08-25,35.31,35.41,34.915,35.37,34.542989052399996,4667831.0,0.0,1.0
2020-08-26,35.32,35.36,34.8301,35.31,34.4843919548,4382344.0,0.0,1.0
2020-08-27,35.0914,35.235,34.7,34.76,34.3378992107,4432642.0,0.4,1.0
2020-08-28,34.76,34.91,34.25,34.88,34.4564420158,4213611.0,0.0,1.0
2020-08-31,34.86,35.14,34.56,35.04,34.6144990893,4479124.0,0.0,1.0
2020-09-01,34.75,34.78,33.915,34.14,33.725428051,6029129.0,0.0,1.0
2020-09-02,34.292,34.94,34.11,34.71,34.2885063752,5114634.0,0.0,1.0
2020-09-03,34.525,35.05,33.27,33.55,33.1425925926,8411073.0,0.0,1.0
2020-09-04,33.69,33.93,33.1,33.47,33.0635640559,6642710.0,0.0,1.0
2020-09-08,33.02,33.19,31.635,31.76,31.374329083200003,9385820.0,0.0,1.0
2020-09-09,32.0,32.05,31.25,31.65,31.2656648452,8372799.0,0.0,1.0
2020-09-10,31.61,32.23,31.33,31.51,31.127364905900002,7020785.0,0.0,1.0
2020-09-11,31.66,32.17,31.24,31.71,31.3249362477,7068333.0,0.0,1.0
2020-09-14,31.95,32.18,31.43,31.87,31.4829933212,5246731.0,0.0,1.0
2020-09-15,32.67,33.93,31.8791,31.97,31.581778992100002,11059302.0,0.0,1.0
2020-09-16,32.42,32.43,31.16,31.36,30.979186399499998,9321293.0,0.0,1.0
2020-09-17,30.93,31.06,30.11,30.64,30.267929568899998,11360218.0,0.0,1.0
2020-09-18,30.7,30.7,29.475,29.74,29.3788585307,16042816.0,0.0,1.0
2020-09-21,29.4,29.7,29.11,29.65,29.2899514268,8388290.0,0.0,1.0
2020-09-22,29.72,29.87,29.135,29.23,28.875051609,5676985.0,0.0,1.0
2020-09-23,29.38,29.4795,28.69,28.77,28.420637522800003,6527111.0,0.0,1.0
2020-09-24,28.72,29.1699,28.565,28.84,28.489787492399998,5317308.0,0.0,1.0
2020-09-25,28.88,29.22,28.561999999999998,29.13,28.7762659381,5704798.0,0.0,1.0
2020-09-28,29.65,29.99,29.43,29.83,29.467765634499997,4840335.0,0.0,1.0
2020-09-29,29.77,29.88,29.36,29.59,29.2306800243,4341177.0,0.0,1.0
2020-09-30,29.61,30.21,29.61,29.95,29.5863084396,6047218.0,0.0,1.0
2020-10-01,30.0,30.4,29.665,30.37,30.0012082574,6060075.0,0.0,1.0
2020-10-02,29.94,30.58,29.93,30.47,30.0999939284,5393720.0,0.0,1.0
2020-10-05,30.64,31.07,30.62,31.0,30.6235579842,4470841.0,0.0,1.0
2020-10-06,31.02,31.27,30.59,30.67,30.2975652702,4924147.0,0.0,1.0
2020-10-07,30.8,31.0,30.5,30.84,30.4655009107,3868968.0,0.0,1.0
2020-10-08,30.99,31.34,30.9,31.22,30.8408864602,4590858.0,0.0,1.0
2020-10-09,31.29,31.475,31.0,31.11,30.732222222199997,4100511.0,0.0,1.0
2020-10-12,31.43,32.07,31.21,31.65,31.2656648452,8796533.0,0.0,1.0
2020-10-13,31.67,32.46,31.52,32.41,32.016435944099996,7447213.0,0.0,1.0
2020-10-14,32.41,32.87,31.865,32.15,31.7595931998,7808228.0,0.0,1.0
2020-10-15,31.8,32.32,31.56,32.3,31.9077717061,3686232.0,0.0,1.0
2020-10-16,32.38,32.62,32.095,32.16,31.7694717668,3469988.0,0.0,1.0
2020-10-19,32.25,32.3756,31.615,31.75,31.3644505161,4163978.0,0.0,1.0
2020-10-20,32.03,32.32,31.9,31.99,31.6015361263,3525127.0,0.0,1.0
2020-10-21,31.75,31.9,31.43,31.44,31.0582149362,6503617.0,0.0,1.0
2020-10-22,31.43,31.61,31.06,31.23,30.8507650273,5348299.0,0.0,1.0
2020-10-23,31.49,31.61,31.1,31.37,30.989064966599997,4140848.0,0.0,1.0
2020-10-26,31.01,31.19,30.4,30.58,30.2086581664,5488945.0,0.0,1.0
2020-10-27,30.68,30.92,30.515,30.68,30.3074438373,5880190.0,0.0,1.0
2020-10-28,30.25,30.35,29.21,29.22,28.8651730419,7781095.0,0.0,1.0
2020-10-29,29.7,30.45,29.42,30.04,29.6752155434,7875644.0,0.0,1.0
2020-10-30,30.07,30.69,29.955,30.59,30.2185367335,10479590.0,0.0,1.0
2020-11-02,31.04,31.94,30.86,31.67,31.2854219794,7165113.0,0.0,1.0
2020-11-03,31.86,32.5,31.7,31.78,31.394086217399998,5427258.0,0.0,1.0
2020-11-04,32.07,32.49,31.77,31.82,31.4336004857,6169622.0,0.0,1.0
2020-11-05,31.86,32.36,31.47,31.7,31.3150576806,7920642.0,0.0,1.0
2020-11-06,31.87,31.99,31.44,31.54,31.157000607199997,4069290.0,0.0,1.0
2020-11-09,32.39,32.58,30.565,30.62,30.2481724347,10642146.0,0.0,1.0
2020-11-10,30.04,30.55,29.535,30.48,30.1098724954,13382408.0,0.0,1.0
2020-11-11,30.68,31.38,30.42,31.35,30.9693078324,7814469.0,0.0,1.0
2020-11-12,31.24,31.39,30.69,31.1,30.7223436551,5847433.0,0.0,1.0
2020-11-13,31.27,31.62,31.05,31.61,31.2261505768,4166567.0,0.0,1.0
2020-11-16,31.61,32.27,31.415,32.15,31.7595931998,7456281.0,0.0,1.0
2020-11-17,31.83,31.85,31.325,31.59,31.206393442600003,5109165.0,0.0,1.0
2020-11-18,31.7,32.42,31.54,31.63,31.245907710999997,7285163.0,0.0,1.0
2020-11-19,31.56,31.95,31.4,31.88,31.492871888299998,6150452.0,0.0,1.0
2020-11-20,31.8,32.33,31.75,32.26,31.8682574378,9019886.0,0.0,1.0
2020-11-23,32.37,32.88,32.19,32.6,32.2041287189,7283409.0,0.0,1.0
2020-11-24,32.92,33.86,32.72,33.83,33.4191924712,8578957.0,0.0,1.0
2020-11-25,33.21,33.25,32.5,32.54,32.54,6040435.0,0.4,1.0
2020-11-27,32.76,33.04,32.62,32.84,32.84,2220657.0,0.0,1.0
2020-11-30,32.615,32.97,32.465,32.94,32.94,5826074.0,0.0,1.0
2020-12-01,32.97,33.22,32.77,33.14,33.14,4622941.0,0.0,1.0
2020-12-02,33.06,33.32,32.75,32.78,32.78,4770391.0,0.0,1.0
2020-12-03,32.84,33.59,32.8,33.45,33.45,4868997.0,0.0,1.0
