"date","death","deathIncrease","inIcuCumulative","inIcuCurrently","hospitalizedIncrease","hospitalizedCurrently","hospitalizedCumulative","negative","negativeIncrease","onVentilatorCumulative","onVentilatorCurrently","positive","positiveIncrease","recovered","states","totalTestResults","totalTestResultsIncrease"
"2020-11-22",247932,889,28828,16219,2273,83870,543179,144261686,1251069,3094,5233,12077354,150098,4526513,56,179340847,1726449
"2020-11-21",247043,1506,28693,16054,3241,83227,540906,143010617,1426550,3087,5103,11927256,178309,4529700,56,177614398,1977400
"2020-11-20",245537,1862,28472,15915,3821,82178,537665,141584067,1389882,3078,5055,11748947,192805,4457930,56,175636998,1917476
"2020-11-19",243675,1971,28216,15573,4676,80698,533844,140194185,1286632,3052,4859,11556142,182832,4410709,56,173719522,1817525
"2020-11-18",241704,1869,27989,15350,4490,79410,529168,138907553,1074463,3024,4701,11373310,163975,4348089,56,171901997,1534573
"2020-11-17",239835,1555,27681,14851,3915,76958,524678,137833090,1092462,3004,4379,11209335,156722,4292094,56,170367424,1503534
"2020-11-16",238280,637,27437,14317,3148,73268,520763,136740628,1103527,2988,4166,11052613,148868,4242683,56,168863890,1478180
"2020-11-15",237643,677,27269,13693,1876,70113,517615,135637101,1162554,2975,3939,10903745,144434,4183378,56,167385710,1614984
"2020-11-14",236966,1312,27172,13337,3465,69498,515739,134474547,1174712,2972,3945,10759311,163540,4146419,56,165770726,1661289
"2020-11-13",235654,1275,26997,13132,3693,68496,512274,133299835,1237330,2967,3769,10595771,172106,4093148,56,164109437,1695579
"2020-11-12",234379,1141,26803,12796,3672,67100,508581,132062505,970737,2954,3622,10423665,152003,4049143,56,162413858,1472332
"2020-11-11",233238,1543,26584,12518,3423,65463,504909,131091768,1019589,2947,3367,10271662,144801,3995023,56,160941526,1412859
"2020-11-10",231695,1360,26335,11961,4111,62059,501486,130072179,941962,2922,3201,10126861,131182,3959700,56,159528667,1246063
"2020-11-09",230335,589,26087,11533,2370,59301,497375,129130217,1222518,2907,3110,9995679,119432,3926618,56,158282604,1512607
"2020-11-08",229746,485,25819,11120,1506,56842,495005,127907699,921916,2900,2977,9876247,110281,3879255,56,156769997,1251959
"2020-11-07",229261,1104,25721,11082,2291,55925,493499,126985783,984198,2898,2947,9765966,129215,3849345,56,155518038,1412176
"2020-11-06",228157,1168,25498,11085,3142,54851,491208,126001585,1140845,2885,2850,9636751,125753,3808730,56,154105862,1561333
"2020-11-05",226989,1131,25276,10918,3413,53375,488066,124860740,1177362,2872,2877,9510998,116441,3779523,56,152544529,1564524
"2020-11-04",225858,1126,25041,10761,3137,52086,484653,123683378,869804,2853,2832,9394557,103304,3741442,56,150980005,1217991
"2020-11-03",224732,1515,24796,10406,3227,50426,481516,122813574,839539,2833,2733,9291253,86662,3702925,56,149762014,1123667
"2020-11-02",223217,499,24560,9858,1518,48557,478289,121974035,1070744,2809,2637,9204591,82047,3672742,56,148638347,1322758
"2020-11-01",222718,388,24457,9553,1145,47531,476771,120903291,814180,2797,2553,9122544,73849,3631622,56,147315589,1127464
"2020-10-31",222330,951,24375,9499,2029,47402,475626,120089111,1043992,2786,2502,9048695,90587,3610296,56,146188125,1389909
"2020-10-30",221379,952,24230,9437,2424,46738,473597,119045119,975467,2776,2477,8958108,97233,3576201,56,144798216,1360460
"2020-10-29",220427,1030,24082,9208,2324,46126,471173,118069652,1009464,2760,2403,8860875,88728,3552166,56,143437756,1332268
"2020-10-28",219397,1044,23883,9034,2471,45124,468849,117060188,803139,2744,2347,8772147,78748,3515953,56,142105488,1092079
"2020-10-27",218353,920,23701,8909,2345,44287,466378,116257049,806695,2719,2287,8693399,72082,3485474,56,141013409,1066081
"2020-10-26",217433,402,23542,8842,1859,42924,464033,115450354,983869,2703,2301,8621317,62526,3458204,56,139947328,1205446
"2020-10-25",217031,374,23420,8489,1106,41786,462174,114466485,900669,2693,2176,8558791,64893,3420713,56,138741882,1187853
"2020-10-24",216657,882,23356,8561,1751,41989,461068,113565816,961479,2691,2230,8493898,83286,3404503,56,137554029,1322647
"2020-10-23",215775,923,23221,8237,14992,41501,459317,112604337,1042693,2679,2180,8410612,82332,3373284,56,136231382,1381536
"2020-10-22",214852,1136,23018,8086,2627,41036,444325,111561644,917903,2641,2147,8328280,72842,3350982,56,134849846,1225535
"2020-10-21",213716,1022,22855,8182,2205,40284,441698,110643741,690765,2622,2090,8255438,60953,3321258,56,133624311,940885
"2020-10-20",212694,838,22662,8131,2231,39303,439493,109952976,756336,2593,2045,8194485,60547,3293315,56,132683426,947980
"2020-10-19",211856,461,22475,7997,1707,37858,437262,109196640,1022378,2577,1800,8133938,57110,3270429,56,131735446,1126980
"2020-10-18",211395,397,22391,7292,800,36452,435555,108174262,767502,2557,1762,8076828,48284,3231947,56,130608466,1052885
"2020-10-17",210998,762,22320,7384,1553,37358,434755,107406760,965191,2553,1791,8028544,57330,3218561,56,129555581,1298159
"2020-10-16",210236,891,22202,7251,1861,37368,433202,106441569,970413,2547,1739,7971214,68248,3195422,56,128257422,1228630
"2020-10-15",209345,937,22051,7220,2009,37328,431341,105471156,851332,2531,1769,7902966,63392,3175500,56,127028792,1111181
"2020-10-14",208408,816,21889,7156,2523,37088,429332,104619824,621203,2516,1776,7839574,56117,3153746,56,125917611,1037705
"2020-10-13",207592,700,21735,7020,2115,36064,426809,103998621,859108,2485,1755,7783457,48593,3122531,56,124879906,1049858
"2020-10-12",206892,287,21625,6807,1223,35066,424694,103139513,883003,2464,1666,7734864,42643,3104644,56,123830048,1053929
"2020-10-11",206605,465,21553,6679,989,34498,423471,102256510,802087,2454,1646,7692221,46269,3072920,56,122776119,1077671
"2020-10-10",206140,666,21512,6683,1509,34600,422482,101454423,961626,2451,1667,7645952,57415,3061045,56,121698448,1251177
"2020-10-09",205474,887,21389,6713,1761,34877,420973,100492797,948164,2437,1655,7588537,56802,3037145,56,120447271,1201662
"2020-10-08",204587,987,21217,6621,2102,34319,419212,99544633,884627,2427,1638,7531735,55208,3019299,56,119245609,1154634
"2020-10-07",203600,910,21112,6507,2265,33482,417110,98660006,731556,2410,1646,7476527,50590,2997942,56,118090975,974437
"2020-10-06",202690,632,20973,6438,-605,32626,414845,97928450,716057,2388,1609,7425937,38917,2950348,56,117116538,908061
"2020-10-05",202058,341,20812,6209,1541,31327,415450,97212393,844249,2370,1515,7387020,37756,2933035,56,116208477,988270
"2020-10-04",201717,362,20729,5974,642,29945,413909,96368144,823151,2362,1485,7349264,37988,2909644,56,115220207,1027485
"2020-10-03",201355,733,20686,5996,1106,30111,413267,95544993,844987,2358,1501,7311276,50935,2895307,56,114192722,1097641
"2020-10-02",200622,839,20612,6106,1401,30769,412161,94700006,975206,2348,1533,7260341,49257,2871287,56,113095081,1240952
"2020-10-01",199783,848,20492,6173,1766,30809,410760,93724800,763591,2334,1547,7211084,45605,2858704,56,111854129,1003311
"2020-09-30",198935,1062,20390,6145,1582,30912,408994,92961209,676355,2319,1507,7165479,44347,2838664,56,110850818,906365
"2020-09-29",197873,740,20247,6106,1750,30499,407412,92284854,711277,2298,1495,7121132,36441,2811386,56,109944453,916666
"2020-09-28",197133,265,20121,5981,1258,29601,405662,91573577,912524,2285,1518,7084691,35883,2792677,56,109027787,1158486
"2020-09-27",196868,302,20050,6080,719,29443,404404,90661053,669506,2277,1511,7048808,34987,2764336,56,107869301,904228
"2020-09-26",196566,863,20002,6057,1169,29551,403685,89991547,886741,2272,1509,7013821,47403,2748595,56,106965073,1122806
"2020-09-25",195703,844,19919,6133,1352,29768,402516,89104806,876779,2264,1506,6966418,55189,2725475,56,105842267,1115236
"2020-09-24",194859,929,19555,6168,1571,30036,401164,88228027,802979,2177,1560,6911229,43346,2708310,56,104727031,1040093
"2020-09-23",193930,1147,19452,6113,1441,29937,399593,87425048,804138,2154,1544,6867883,38620,2670381,56,103686938,1011089
"2020-09-22",192783,866,19324,6111,1478,29448,398152,86620910,673794,2130,1562,6829263,49475,2645001,56,102675849,855109
"2020-09-21",191917,288,19353,6071,1160,28762,396674,85947116,636803,2116,1572,6779788,39139,2614069,56,101820740,771045
"2020-09-20",191629,323,19281,6015,507,28606,395514,85310313,788663,2112,1595,6740649,35503,2587314,56,101049695,976833
"2020-09-19",191306,739,19243,6070,1065,29038,395007,84521650,945717,2111,1577,6705146,44905,2575561,56,100072862,1175581
"2020-09-18",190567,898,19163,6175,1431,29521,393942,83575933,853088,2107,1608,6660241,47251,2556013,56,98897281,1093041
"2020-09-17",189669,871,19057,6278,1572,29875,392511,82722845,737534,2092,1658,6612990,43289,2538622,56,97804240,969600
"2020-09-16",188798,1184,18961,6308,1522,30253,390939,81985311,628661,2090,1651,6569701,40110,2523824,56,96834640,827216
"2020-09-15",187614,1044,18847,6310,1506,30361,389417,81356650,651693,2071,1572,6529591,34904,2493331,56,96007424,813300
"2020-09-14",186570,407,18748,6238,952,29907,387911,80704957,366735,2061,1507,6494687,33621,2476089,56,95194124,496523
"2020-09-13",186163,389,18692,6233,570,29804,386959,80338222,611968,2056,1562,6461066,34311,2448271,56,94697601,772127
"2020-09-12",185774,811,18648,6451,1077,30643,386389,79726254,809187,2051,1619,6426755,41866,2437110,56,93925474,996981
"2020-09-11",184963,1010,18549,6379,1552,31406,385312,78917067,724138,2031,1715,6384889,44683,2416126,56,92928493,923784
"2020-09-10",183953,1160,18453,6531,1537,32438,383760,78192929,576959,2008,1925,6340206,37304,2401781,56,92004709,781498
"2020-09-09",182793,1102,18322,6646,2066,32579,382223,77615970,552268,1994,1903,6302902,31170,2385790,56,91223211,703518
"2020-09-08",181691,356,18189,6542,977,32246,380157,77063702,483543,1975,1879,6271732,22137,2357307,56,90519693,578229
"2020-09-07",181335,226,18156,6630,490,32009,379180,76580159,558939,1967,1879,6249595,28143,2331821,56,89941464,663473
"2020-09-06",181109,446,18125,6700,499,32376,378690,76021220,700097,1960,1912,6221452,32921,2314245,56,89277991,827816
"2020-09-05",180663,916,18089,6766,1277,33502,378191,75321123,761731,1956,1956,6188531,44744,2300418,56,88450175,966361
"2020-09-04",179747,997,18012,6924,1238,34101,376914,74559392,849605,1943,1995,6143787,51508,2281748,56,87483814,1043206
"2020-09-03",178750,1076,17894,6921,1520,34650,375676,73709787,680074,1928,2042,6092279,44616,2265262,56,86440608,879606
"2020-09-02",177674,1023,17784,7087,1651,35579,374156,73029713,617107,1918,2024,6047663,30217,2230060,56,85561002,755427
"2020-09-01",176651,1024,17655,7090,1858,35273,372505,72412606,654343,1902,2042,6017446,42426,2201023,56,84805575,814884
"2020-08-31",175627,380,17537,7043,815,35352,370647,71758263,647087,1877,2077,5975020,31273,2183106,56,83990691,734749
"2020-08-30",175247,474,17439,7268,650,35726,369832,71111176,697391,1870,2055,5943747,39285,2152344,56,83255942,826499
"2020-08-29",174773,1006,17401,7413,1323,36437,369182,70413785,718010,1864,2062,5904462,43967,2139059,56,82429443,890205
"2020-08-28",173767,1026,17304,7558,1587,37255,367859,69695775,728048,1856,2086,5860495,46125,2116889,56,81539238,906440
"2020-08-27",172741,1124,17181,7717,1680,37421,366272,68967727,698668,1831,2125,5814370,43914,2099887,56,80632798,861484
"2020-08-26",171617,1307,17046,7737,1849,38418,364592,68269059,602319,1809,2142,5770456,43628,2083058,56,79771314,736747
"2020-08-25",170310,1141,16920,7863,2048,38775,362743,67666740,629114,1789,2163,5726828,36588,2052294,56,79034567,712608
"2020-08-24",169169,352,16787,7851,1055,38695,360695,67037626,639699,1764,2118,5690240,34250,2019310,56,78321959,722158
"2020-08-23",168817,570,16697,7949,752,38980,359640,66397927,585840,1737,2131,5655990,37324,1996283,56,77599801,708784
"2020-08-22",168247,1028,16657,8207,1555,39919,358888,65812087,709781,1736,2204,5618666,45723,1984053,56,76891017,885078
"2020-08-21",167219,1108,16563,8357,1819,40940,357333,65102306,701415,1730,2286,5572943,46195,1963656,56,76005939,868892
"2020-08-20",166111,1136,16487,8483,2027,41968,355514,64400891,629623,1716,2335,5526748,43723,1945468,56,75137047,812344
"2020-08-19",164975,1423,16377,8744,1989,43289,353487,63771268,645807,1705,2371,5483025,44883,1923539,56,74324703,785003
"2020-08-18",163552,1197,16123,8866,2308,43767,351498,63125461,614496,1695,2468,5438142,40492,1887869,56,73539700,721903
"2020-08-17",162355,418,15985,8871,1277,43500,349190,62510965,624186,1678,2447,5397650,37411,1864220,56,72817797,732441
"2020-08-16",161937,614,15924,8958,651,44046,347913,61886779,742076,1665,2481,5360239,42323,1831798,56,72085356,853398
"2020-08-15",161323,1218,15891,9087,2019,44783,347262,61144703,689438,1663,2526,5317916,55809,1817332,56,71231958,863945
"2020-08-14",160105,1218,15764,9277,2214,45744,345243,60455265,800382,1665,2549,5262107,57093,1795121,56,70368013,970410
"2020-08-13",158887,1165,15629,9487,2710,47204,343029,59654883,848611,1649,2579,5205014,51621,1773505,56,69397603,1010314
"2020-08-12",157722,1518,15524,9555,2997,47949,340319,58806272,437952,1629,2604,5153393,55895,1753994,56,68387289,548320
"2020-08-11",156204,1319,15331,9136,2765,48511,337322,58368320,698463,1612,2415,5097498,55428,1713812,56,67838969,795882
"2020-08-10",154885,437,15158,9216,1661,48631,334557,57669857,689933,1592,2533,5042070,41743,1669563,56,67043087,792435
"2020-08-09",154448,614,15081,9307,847,48866,332896,56979924,666631,1578,2507,5000327,50153,1655695,56,66250652,777970
"2020-08-08",153834,1082,15024,9662,1432,49935,332049,56313293,617221,1561,2566,4950174,53084,1641953,56,65472682,740670
"2020-08-07",152752,1332,14925,9691,8007,51201,330617,55696072,720573,1549,2617,4897090,60838,1622789,56,64732012,892420
"2020-08-06",151420,1249,14810,9994,2695,53129,322610,54975499,687988,1534,2718,4836252,53802,1597514,56,63839592,833443
"2020-08-05",150171,1359,14687,9986,2268,53343,319915,54287511,643007,1524,2719,4782450,52464,1576782,56,63006149,787141
"2020-08-04",148812,1238,14537,10207,4521,53323,317647,53644504,667092,1493,2701,4729986,51814,1528017,56,62219008,773561
"2020-08-03",147574,536,14370,10230,1723,53413,313126,52977412,686270,1463,2659,4678172,49348,1512439,56,61445447,799320
"2020-08-02",147038,492,14288,10415,803,53983,311403,52291142,644027,1448,2645,4628824,46511,1467653,56,60646127,749914
"2020-08-01",146546,1192,14227,10450,2314,54437,310600,51647115,676581,1445,2698,4582313,60247,1460930,56,59896213,825273
"2020-07-31",145354,1313,14044,10472,2639,55589,308286,50970534,657359,1437,2703,4522066,67529,1437182,56,59070940,996474
"2020-07-30",144041,1250,13875,10523,3316,56434,305647,50313175,735447,1415,2760,4454537,68806,1413102,56,58074466,890539
"2020-07-29",142791,1489,13744,10539,2972,57325,302331,49577728,764501,1400,2772,4385731,63941,1389701,56,57183927,906405
"2020-07-28",141302,1128,13559,10463,4716,57086,299359,48813227,712706,1372,2752,4321790,58984,1354538,56,56277522,853438
"2020-07-27",140174,1065,13412,10328,1701,58906,294643,48100521,701935,1356,2720,4262806,55014,1324925,56,55424084,822391
"2020-07-26",139109,560,13343,10353,1412,58644,292942,47398586,776858,1336,2723,4207792,60123,1296974,56,54601693,893034
"2020-07-25",138549,1008,13279,10380,1931,59269,291530,46621728,716826,1300,2729,4147669,64374,1278557,56,53708659,880550
"2020-07-24",137541,1190,13182,10395,3091,59677,289599,45904902,852858,1297,2711,4083295,74857,1260741,56,52828109,1002414
"2020-07-23",136351,1060,12933,10414,2501,59712,286508,45052044,769065,1280,2465,4008438,71225,1232403,56,51825695,910895
"2020-07-22",135291,1136,12790,10457,2226,59598,284007,44282979,731762,1258,2440,3937213,69344,1210067,56,50914800,883129
"2020-07-21",134155,1070,12629,6711,2603,59351,281781,43551217,680513,1242,2414,3867869,63624,1182158,56,50031671,809313
"2020-07-20",133085,368,12475,6557,1649,58352,279178,42870704,654023,1223,2403,3804245,56936,1159320,56,49222358,758269
"2020-07-19",132717,525,12393,6384,931,57882,277529,42216681,715887,1216,2362,3747309,63717,1130378,56,48464089,842325
"2020-07-18",132192,873,12342,6397,2004,57646,276598,41500794,688587,1211,2343,3683592,64424,1121981,56,47621764,843104
"2020-07-17",131319,935,12243,6452,2689,57737,274594,40812207,757272,1200,2353,3619168,76218,1106096,56,46778660,910215
"2020-07-16",130384,953,12091,6359,2250,57459,271905,40054935,758009,1175,2317,3542950,70446,1089922,56,45868445,900782
"2020-07-15",129431,863,12002,6317,2374,56168,269655,39296926,704424,1166,2317,3472504,65619,1075159,56,44967663,846953
"2020-07-14",128568,738,11857,6235,2251,55554,267281,38592502,703503,1154,2263,3406885,62734,1048400,56,44120710,812543
"2020-07-13",127830,331,11749,6074,1257,54044,265030,37888999,632910,1142,2259,3344151,57602,1031219,56,43308167,757649
"2020-07-12",127499,474,11679,5930,921,52739,263773,37256089,702225,1136,2182,3286549,60972,1005644,56,42550518,823627
"2020-07-11",127025,750,11612,5939,5134,51861,262852,36553864,632552,1128,2169,3225577,62325,994923,56,41726891,757530
"2020-07-10",126275,822,11523,5896,2331,51606,257718,35921312,745927,1118,2197,3163252,66824,982521,56,40969361,888408
"2020-07-09",125453,900,11370,5845,1645,43916,255387,35175385,652468,1138,2127,3096428,58961,968441,56,40080953,769360
"2020-07-08",124553,813,11303,5874,1990,43097,253742,34522917,578902,1103,2172,3037467,62736,952731,56,39311593,707179
"2020-07-07",123740,904,11177,5832,2082,41772,251752,33944015,582263,1084,2098,2974731,51742,935850,56,38604414,683738
"2020-07-06",122836,266,11058,5687,817,39820,249670,33361752,472998,1070,2105,2922989,41494,923481,56,37920676,645018
"2020-07-05",122570,207,11010,5653,596,38765,248853,32888754,626216,1064,2080,2881495,45167,901881,56,37275658,686905
"2020-07-04",122363,300,10977,5633,869,38150,248257,32262538,575137,1063,1982,2836328,54144,893652,56,36588753,659253
"2020-07-03",122063,602,10936,5597,1440,37801,247388,31687401,648817,1059,2049,2782184,53688,883025,56,35929500,730522
"2020-07-02",121461,696,10843,5626,1984,37508,245948,31038584,613449,1041,2105,2728496,53508,874530,56,35198978,705885
"2020-07-01",120765,688,10752,5512,1415,36430,243964,30425135,593510,1027,2098,2674988,51001,822580,56,34493093,668180
"2020-06-30",120077,585,10669,5424,1603,35222,242549,29831625,578188,1008,2044,2623987,47630,813219,56,33824913,663680
"2020-06-29",119492,358,10542,5380,706,33627,240946,29253437,613391,990,2011,2576357,39765,797723,56,33161233,675427
"2020-06-28",119134,270,10473,5252,567,32479,240240,28640046,541541,983,2077,2536592,41331,777667,56,32485806,606778
"2020-06-27",118864,502,10415,5314,1064,32485,239673,28098505,554472,977,2159,2495261,42893,771895,56,31879028,631309
"2020-06-26",118362,625,10334,5283,1520,31710,238609,27544033,563036,966,2075,2452368,44379,763402,56,31247719,741470
"2020-06-25",117737,664,10257,5320,1260,31828,237089,26980997,602835,951,2214,2407989,39681,756120,56,30506249,648655
"2020-06-24",117073,706,10173,5293,1292,31119,235829,26378162,491922,934,2248,2368308,39009,747031,56,29857594,507674
"2020-06-23",116367,725,10077,5402,1279,30226,234537,25886240,468015,918,2293,2329299,33884,738454,56,29349920,645059
"2020-06-22",115642,295,10002,5323,820,28797,233258,25418225,450269,909,2299,2295415,27179,731021,56,28704861,496617
"2020-06-21",115347,292,9944,5195,508,28221,232438,24967956,492502,904,2321,2268236,28848,712904,56,28208244,531329
"2020-06-20",115055,611,9908,5229,738,27970,231930,24475454,529675,888,2380,2239388,31950,708341,56,27676915,568404
"2020-06-19",114444,656,9876,5341,1609,28586,231192,23945779,559468,884,2434,2207438,30960,697556,56,27108511,612756
"2020-06-18",113788,690,9736,5464,1026,28411,229583,23386311,484107,869,2520,2176478,27088,690166,56,26495755,535739
"2020-06-17",113098,794,9665,5612,1154,28561,228557,22902204,466665,857,2588,2149390,23905,680432,56,25960016,522253
"2020-06-16",112304,707,9590,5570,1231,28279,227403,22435539,442880,845,2594,2125485,23268,671680,56,25437763,485042
"2020-06-15",111597,407,9516,5703,632,27866,226172,21992659,412863,835,2640,2102217,18654,664469,56,24952721,445551
"2020-06-14",111190,355,9466,5749,631,27899,225540,21579796,460731,834,2716,2083563,21333,649974,56,24507170,481713
"2020-06-13",110835,690,9430,5883,939,28431,224909,21119065,481998,830,2726,2062230,25246,644787,56,24025457,524594
"2020-06-12",110145,763,9373,6017,1359,29149,223970,20637067,592465,814,2734,2036984,23095,635522,56,23500863,595690
"2020-06-11",109382,898,9295,6074,1422,29686,222611,20044602,438730,792,2886,2013889,22070,628050,56,22905173,479026
"2020-06-10",108484,885,9225,6249,1303,30840,221189,19605872,412153,780,3020,1991819,20727,617695,56,22426147,447867
"2020-06-09",107599,904,9141,6457,1319,31020,219886,19193719,402891,771,3090,1971092,17152,609256,56,21978280,444185
"2020-06-08",106695,679,9013,6402,1064,30984,218567,18790828,377268,762,3240,1953940,17230,602715,56,21534095,410766
"2020-06-07",106016,446,8957,6501,774,31249,217503,18413560,405874,753,3298,1936710,18818,590504,56,21123329,424704
"2020-06-06",105570,710,8920,6762,892,31762,216729,18007686,521416,750,3476,1917892,22560,585047,56,20698625,559065
"2020-06-05",104860,840,8863,6920,1509,32265,215837,17486270,484408,740,3523,1895332,23065,575917,56,20139560,589207
"2020-06-04",104020,868,8787,7057,-2848,32602,214328,17001862,443914,723,3665,1872267,20383,569233,56,19550353,493996
"2020-06-03",103152,979,8688,7227,2134,33026,217176,16557948,451396,717,3749,1851884,20155,556949,56,19056357,471701
"2020-06-02",102173,1000,8566,7407,1707,33709,215042,16106552,400294,710,3852,1831729,20158,541613,56,18584656,440493
"2020-06-01",101173,673,8485,7591,2807,34064,213335,15706258,389274,704,3950,1811571,20360,535950,56,18144163,412847
"2020-05-31",100500,650,8445,7626,964,34641,210528,15316984,375368,704,3669,1791211,21392,522456,56,17731316,421779
"2020-05-30",99850,917,8305,7956,1397,35513,209564,14941616,402364,698,4004,1769819,23437,494308,56,17309537,444012
"2020-05-29",98933,1167,8235,8174,1676,36718,208167,14539252,467396,689,4032,1746382,23588,484191,56,16865525,512498
"2020-05-28",97766,1245,8109,8389,1687,37804,206491,14071856,421001,676,4080,1722794,22658,477794,56,16353027,465207
"2020-05-27",96521,1315,8015,8547,1699,38017,204804,13650855,287118,666,4222,1700136,19413,391223,56,15887820,413289
"2020-05-26",95206,673,7899,8585,17340,37533,203105,13363737,287615,650,4215,1680723,16978,384609,56,15474531,314495
"2020-05-25",94533,553,7847,8467,914,37382,185765,13076122,410000,642,4237,1663745,18531,378892,56,15160036,423599
"2020-05-24",93980,683,7801,8485,1016,37510,184851,12666122,350708,639,4383,1645214,18859,366510,56,14736437,356464
"2020-05-23",93297,1035,7770,8733,1356,38360,183835,12315414,376018,638,4620,1626355,22365,361116,56,14379973,420660
"2020-05-22",92262,1303,7689,9049,4046,39774,182479,11939396,381465,633,4716,1603990,24173,349936,56,13959313,408665
"2020-05-21",90959,1426,7412,9090,4643,41071,178433,11557931,439346,616,4868,1579817,26743,298183,56,13550648,494438
"2020-05-20",89533,1386,7319,9521,1975,41535,173790,11118585,392186,613,4911,1553074,21258,294133,56,13056210,439128
"2020-05-19",88147,1331,7217,9598,1626,41652,171815,10726399,379965,606,5032,1531816,20878,289283,56,12617082,397151
"2020-05-18",86816,890,7064,9754,1178,41531,170189,10346434,334158,602,5257,1510938,20848,282949,56,12219931,363730
"2020-05-17",85926,849,7003,9934,1182,41609,169011,10012276,351010,593,5467,1490090,20144,272009,56,11856201,344436
"2020-05-16",85077,1195,6945,10278,1829,43175,167829,9661266,337042,592,5529,1469946,23593,268206,56,11511765,370093
"2020-05-15",83882,1265,6890,10484,1353,44299,166000,9324224,335560,589,5746,1446353,25422,250665,56,11141672,405483
"2020-05-14",82617,1854,6795,10655,3221,45644,164647,8988664,338515,582,5940,1420931,26713,246231,56,10736189,383237
"2020-05-13",80763,1736,6713,10990,1817,46740,161426,8650149,301726,572,6156,1394218,21627,243359,56,10352952,334089
"2020-05-12",79027,1505,6585,11240,1540,47344,159609,8348423,288738,559,6352,1372591,22559,238863,56,10018863,327310
"2020-05-11",77522,893,6488,11148,1301,46550,158069,8059685,357012,551,6350,1350032,18299,232012,56,9691553,388276
"2020-05-10",76629,1032,6445,11393,1040,46760,156768,7702673,244518,547,6395,1331733,20882,215479,56,9303277,263124
"2020-05-09",75597,1454,6367,11496,1659,48561,155728,7458155,270650,543,6551,1310851,25186,211899,56,9040153,306693
"2020-05-08",74143,1780,6294,11780,6320,49758,154069,7187505,272238,531,6788,1285665,26979,198423,56,8733460,304660
"2020-05-07",72363,2753,5174,12136,4319,51425,147749,6915267,274097,529,7070,1258686,27404,194375,56,8428800,315538
"2020-05-06",69610,1915,4911,12478,2086,52581,143430,6641170,225947,449,4753,1231282,25145,189399,56,8113262,277794
"2020-05-05",67695,2496,4794,12628,1966,53176,141344,6415223,247686,439,4818,1206137,22510,189316,56,7835468,273855
"2020-05-04",65199,1027,4579,12696,1764,52377,139378,6167537,209841,430,4848,1183627,22501,186670,56,7561613,238586
"2020-05-03",64172,1234,4502,12720,1923,52619,137614,5957696,209501,425,4761,1161126,25534,179614,56,7323027,228932
"2020-05-02",62938,1531,4386,12905,1976,54009,135691,5748195,217143,375,4845,1135592,29039,174886,56,7094095,270332
"2020-05-01",61407,1808,4300,12845,9815,54862,133715,5531052,266184,376,4707,1106553,32795,163554,56,6823763,282835
"2020-04-30",59599,2153,4192,13255,2328,54921,123900,5264868,203595,373,4712,1073758,29980,154587,56,6540928,266369
"2020-04-29",57446,2685,4093,13535,3048,55987,121572,5061273,213151,365,4796,1043778,26230,147234,56,6274559,251242
"2020-04-28",54761,2077,3798,13562,2078,56034,118524,4848122,183442,252,4760,1017548,25365,139080,56,6023317,209699
"2020-04-27",52684,1287,3720,13812,3455,56183,116446,4664680,169966,252,4867,992183,22599,121464,56,5813618,199258
"2020-04-26",51397,1222,2571,14104,2176,56149,112991,4494714,179290,227,5121,969584,27052,116565,56,5614360,206235
"2020-04-25",50175,1627,2516,14415,2326,57343,110815,4315424,235661,227,5266,942532,35651,112603,56,5408125,274250
"2020-04-24",48548,1972,2468,14605,2362,57324,108489,4079763,204374,227,5187,906881,34280,103423,56,5133875,241428
"2020-04-23",46576,1814,2428,14744,2843,59216,106127,3875389,167526,227,5464,872601,31970,96947,56,4892447,207952
"2020-04-22",44762,2082,2370,15013,3094,59212,103284,3707863,294768,227,5474,840631,29131,92996,56,4684495,338337
"2020-04-21",42680,2481,2315,14941,2736,59773,100190,3413095,128845,214,5514,811500,26218,72870,56,4346158,165951
"2020-04-20",40199,1815,2193,14463,2263,56734,97454,3284250,119489,214,5567,785282,26104,69507,56,4180207,147673
"2020-04-19",38384,1763,2145,14385,2213,56497,95191,3164761,127207,214,5603,759178,27272,67227,56,4032534,152113
"2020-04-18",36621,1891,2096,14769,3417,57788,92978,3037554,118191,205,5729,731906,27827,62923,56,3880421,156985
"2020-04-17",34730,2118,2052,14890,3407,58886,89561,2919363,125535,187,6096,704079,31979,53562,56,3723436,163799
"2020-04-16",32612,2197,1834,15130,3161,59498,86154,2793828,134883,176,5940,672100,31581,48851,56,3559637,176087
"2020-04-15",30415,2546,1783,14646,3711,59924,82993,2658945,108582,223,6032,640519,29859,43448,56,3383550,146654
"2020-04-14",27869,2353,1715,14039,3143,59600,79282,2550363,126229,221,5975,610660,26080,39304,56,3236896,160768
"2020-04-13",25516,1630,1622,13620,4445,56237,76139,2424134,107535,208,6168,584580,24384,35381,56,3076128,130993
"2020-04-12",23886,1700,1449,13620,3266,55449,71694,2316599,111251,158,5968,560196,28002,34081,56,2945135,139439
"2020-04-11",22186,2079,1399,13285,3660,55557,68428,2205348,110196,152,5978,532194,31092,31567,56,2805696,141772
"2020-04-10",20107,2072,1179,12693,4874,53167,64768,2095152,118222,39,5937,501102,33473,29015,56,2663924,155122
"2020-04-09",18035,2062,918,12450,3901,51313,59894,1976930,140016,39,5794,467629,35116,24835,56,2508802,174171
"2020-04-08",15973,1997,862,10337,4307,45515,55993,1836914,119165,39,4131,432513,30907,21132,56,2334631,158228
"2020-04-07",13976,2044,738,9978,2997,43849,51686,1717749,122383,43,4076,401606,30702,18481,56,2176403,154420
"2020-04-06",11932,1313,663,7079,2968,36159,48689,1595366,121917,39,2961,370904,28410,16557,56,2021983,151536
"2020-04-05",10619,1339,609,5811,3900,32180,45721,1473449,94622,39,652,342494,25634,14589,56,1870447,122183
"2020-04-04",9280,1481,403,5500,5024,30268,41821,1378827,195343,39,656,316860,32867,12844,56,1748264,228345
"2020-04-03",7799,1285,335,4928,4572,25777,36797,1183484,100560,39,623,283993,31877,10861,56,1519919,135248
"2020-04-02",6514,1178,305,4513,4155,22997,32225,1082924,93226,32,574,252116,28037,8586,56,1384671,122781
"2020-04-01",5336,1004,256,3937,4245,20906,28070,989698,83474,32,561,224079,26128,7084,56,1261890,112414
"2020-03-31",4332,907,230,3487,4003,18155,23825,906224,87938,,507,197951,25174,5666,56,1149476,114595
"2020-03-30",3425,588,187,3087,2483,15917,19822,818286,95690,,451,172777,21485,4560,56,1034881,116613
"2020-03-29",2837,504,156,2456,2791,14055,17339,722596,65460,,439,151292,19445,4076,56,918268,83582
"2020-03-28",2333,551,140,2174,2407,12409,14548,657136,90501,,390,131847,19601,3145,56,834686,93367
"2020-03-27",1782,408,124,1792,2584,10978,12141,566635,84565,,324,112246,19245,2418,56,741319,109398
"2020-03-26",1374,316,91,1299,2470,7805,9557,482070,86440,,258,93001,17723,97,56,631921,108259
"2020-03-25",1058,238,74,,1956,5140,7087,395630,70963,,167,75278,12899,146,56,523662,89156
"2020-03-24",820,238,,,1179,3938,5131,324667,59613,,,62379,10756,,56,434506,71715
"2020-03-23",582,101,,,919,2812,3952,265054,46534,,,51623,11432,,56,362791,58248
"2020-03-22",481,146,,,1007,2173,3033,218520,35612,,,40191,9170,,56,304543,49731
"2020-03-21",335,62,,,1873,1492,2026,182908,39897,,,31021,6808,,56,254812,49472
"2020-03-20",273,70,,,25,1042,153,143011,29855,,,24213,6121,,56,205340,43118
"2020-03-19",203,48,,,34,617,128,113156,23208,,,18092,4706,,56,162222,32892
"2020-03-18",155,31,,,18,416,94,89948,21885,,,13386,3037,,56,129330,30120
"2020-03-17",124,24,,,33,325,76,68063,14912,,,10349,2564,,56,99210,22088
"2020-03-16",100,21,,,6,,43,53151,17879,,,7785,1785,,56,77122,22416
"2020-03-15",79,15,,,10,,37,35272,6651,,,6000,1263,,51,54706,9767
"2020-03-14",64,8,,,4,,27,28621,4147,,,4737,921,,51,44939,7235
"2020-03-13",56,5,,,6,,23,24474,8280,,,3816,1055,,51,37704,11120
"2020-03-12",51,8,,,5,,17,16194,4821,,,2761,686,,51,26584,5921
"2020-03-11",43,6,,,3,,12,11373,3435,,,2075,502,,51,20663,4221
"2020-03-10",37,2,,,0,,9,7938,2301,,,1573,407,,51,16442,2772
"2020-03-09",35,4,,,3,,9,5637,1524,,,1166,294,,51,13670,1909
"2020-03-08",31,4,,,0,,6,4113,716,,,872,200,,51,11761,1010
"2020-03-07",27,1,,,0,,6,3397,684,,,672,167,,51,10751,932
"2020-03-06",26,6,,,1,,6,2713,721,,,505,119,,38,9819,896
"2020-03-05",20,4,,,1,,5,1992,556,,,386,102,,29,8923,677
"2020-03-04",16,2,,,4,,4,1436,990,,,284,140,,23,8246,1083
"2020-03-03",14,3,,,0,,,446,203,,,144,50,,11,7163,291
"2020-03-02",11,3,,,0,,,243,158,,,94,44,,9,6872,212
"2020-03-01",8,3,,,0,,,85,61,,,50,32,,9,6660,108
"2020-02-29",5,1,,,0,,,24,24,,,18,18,,7,6552,62
"2020-02-28",4,2,,,0,,,0,0,,,0,0,,7,6490,3
"2020-02-27",2,0,,,0,,,0,0,,,0,0,,7,6487,6446
"2020-02-26",2,2,,,0,,,0,0,,,0,0,,5,41,0
"2020-02-25",0,0,,,0,,,0,0,,,0,0,,5,41,1
"2020-02-24",0,0,,,0,,,0,0,,,0,0,,5,40,2
"2020-02-23",0,0,,,0,,,0,0,,,0,0,,5,38,0
"2020-02-22",0,0,,,0,,,0,0,,,0,0,,5,38,1
"2020-02-21",0,0,,,0,,,0,0,,,0,0,,5,37,1
"2020-02-20",0,0,,,0,,,0,0,,,0,0,,5,36,1
"2020-02-19",0,0,,,0,,,0,0,,,0,0,,5,35,6
"2020-02-18",0,0,,,0,,,0,0,,,0,0,,5,29,0
"2020-02-17",0,0,,,0,,,0,0,,,0,0,,5,29,1
"2020-02-16",0,0,,,0,,,0,0,,,0,0,,5,28,2
"2020-02-15",0,0,,,0,,,0,0,,,0,0,,5,26,4
"2020-02-14",0,0,,,0,,,0,0,,,0,0,,4,22,0
"2020-02-13",0,0,,,0,,,0,0,,,0,0,,4,22,1
"2020-02-12",0,0,,,0,,,0,0,,,0,0,,4,21,1
"2020-02-11",0,0,,,0,,,0,0,,,0,0,,4,20,1
"2020-02-10",0,0,,,0,,,0,0,,,0,0,,4,19,1
"2020-02-09",,0,,,0,,,0,0,,,0,0,,3,18,0
"2020-02-08",,0,,,0,,,0,0,,,0,0,,3,18,2
"2020-02-07",,0,,,0,,,0,0,,,0,0,,3,16,0
"2020-02-06",,0,,,0,,,0,0,,,0,0,,3,16,1
"2020-02-05",,0,,,0,,,0,0,,,0,0,,3,15,0
"2020-02-04",,0,,,0,,,0,0,,,0,0,,3,15,4
"2020-02-03",,0,,,0,,,0,0,,,0,0,,3,11,3
"2020-02-02",,0,,,0,,,0,0,,,0,0,,3,8,0
"2020-02-01",,0,,,0,,,0,0,,,0,0,,3,8,0
"2020-01-31",,0,,,0,,,0,0,,,0,0,,3,8,3
"2020-01-30",,0,,,0,,,0,0,,,0,0,,3,5,0
"2020-01-29",,0,,,0,,,0,0,,,0,0,,3,5,2
"2020-01-28",,0,,,0,,,0,0,,,0,0,,2,3,0
"2020-01-27",,0,,,0,,,0,0,,,0,0,,2,3,1
"2020-01-26",,0,,,0,,,0,0,,,0,0,,2,2,0
"2020-01-25",,0,,,0,,,0,0,,,0,0,,2,2,0
"2020-01-24",,0,,,0,,,0,0,,,0,0,,2,2,0
"2020-01-23",,0,,,0,,,0,0,,,0,0,,2,2,1
"2020-01-22",,0,,,0,,,0,0,,,0,0,,2,1,0